0031,"Merrimak ATM Group, LLC",5420 State Farm Drive,Suite B,Rohner Park,CA,94928-1657,USA,,CUSTOMER,Glenn Olson,31
0033,"Merrimak ATM Group, LLC",5420 State Farm Drive,Suite B,Rohnert Park,CA,94928-1657,USA,,CUSTOMER,Glenn Olson,33
0034,Jason Lotto,2083 Greenfield Drive,,El Cajon,CA,92019-1156,USA,,CUSTOMER,Jason Lotto,34
0035,"ATM Access, Inc.",1808 Barnes Avenue,,Bronx,NY,10462-3608,USA,,CUSTOMER,Aziz Tareb,35
0036,ATM Aficionado,184 S Livingston Ave,Suite 9-146,Livingston,NJ,07039-3014,USA,,CUSTOMER,Mark Teitelmar,36
0037,Capital Processing,4 Lanes End,,Stoughton,MA,02072-3889,USA,,CUSTOMER,Marco Tatum,37
0038,"Eastern ATM, Inc.",400 Bedford Street,Suite 322,Machester,NH,03101-1195,USA,,CUSTOMER,Barbara Montoli,38
0040,A & K ATM,26 Pierce Avenue,,Tiverton,RI,02878-4331,USA,,CUSTOMER,,40
0041,ATM Cash Network,202 Arnold Drive,,McKeesport,PA,15132-7507,USA,,CUSTOMER,,41
0042,ATM Concepts,191 Lost Lake Lane,,Campbell,CA,95008-6615,USA,,CUSTOMER,Linda Ricth,42
0043,Blue Ocean ATM LLC,21 N. Meramec Ave.,2nd Floor,Clayton,MO,63105-3843,USA,,CUSTOMER,Jim Winklemann,43
0044,Cardtronics USA,3259 Briarpark Drive,Suite 400,Houston,TX,77042-4462,USA,,CUSTOMER,Lee Heckman,44
0045,ATM Services,2615 Mountain Industrial Blvd.,Suite 12,Tucker,GA,30084-3070,USA,,CUSTOMER,Ljeff Silkwood,45
0046,ATM Services of Ohio,6265 Morrow-Rossburg Rd.,,Morrow,OH,45152-9429,USA,,CUSTOMER,Todd Lansdell,46
0047,JBM Electronics,4645 LaGuardia Drive,,Saint Louis,MO,63134-3100,USA,,CUSTOMER,,47
0049,Automated Card Technologies,1616 Fernstone Drive,,Acworth,GA,30101-1503,USA,,CUSTOMER,Chris Justusson,49
0050,Blackstone ATM,6200 N. Hiawatha Ave.,Suite 305,Chicago,IL,60646-4335,USA,,CUSTOMER,Sasha Sekulich,50
0051,TurnKey ATM Solutions,8601 Dunwoody Place,Suite 106,Atlanta,GA,30350-2509,USA,,CUSTOMER,Warren Cato,51
0052,Cincy Mobile Cash,650 B Columbus Ave.,,Lebanon,OH,45036-1606,USA,,CUSTOMER,Dan Jenkins,52
0053,Eclipse Cash Systems,6150 West Gila Springs Place,Suite 14,Chandler,AZ,85226-3593,USA,,CUSTOMER,Derek Smith,53
0054,FirstCard ATM,338 Preston Ave.,,Lone,CA,95640-9158,United States,,CUSTOMER,,54
0055,"IAG, Inc.",2937 Major Ridge Trail,,Duluth,GA,30097-4985,USA,,CUSTOMER,,55
0056,JC ATM Services,1640 Powers Ferry Road,"Building 2, Suite 125",Marietta,GA,30067-9465,USA,,CUSTOMER,Jose Corniel,56
0057,HTornese & Associates (JFT),245 Pinebrook Blvd,,New Rochelle,NY,10804-4301,USA,,CUSTOMER,John Tornese,57
0058,Just ATMs,12925 Alcosta Blvd,Suite 8,San Ramon,CA,94583-1772,USA,,CUSTOMER,Kamy Jethani,58
0059,CORD/Marathon,PO BOX 1287,,Temple,TX,76503-2613,USA,,CUSTOMER,Randy Smith,59
0060,MTD Investments,PO Box 48,,Fairland,IN,46126-0048,USA,,CUSTOMER,Mark Donekka,60
0061,Owl Music Co.,4731 Dwight Evans Rd,,Charlotte,NC,28217-0906,USA,,CUSTOMER,Bret Thevaos,61
0062,Phoenix Cardnet,13170 SW 128th Street,Suite 103,Miami,FL,33186-5845,United States,,CUSTOMER,,62
0063,Manuel Rivas Jr. DBA TellerExpress,1961 Main Street,#131,Watsonville,CA,95076-3027,USA,,CUSTOMER,Manuel Rivas,63
0064,The Business Center,625 Hampshire,,Quincy,IL,62301-3011,USA,,CUSTOMER,David Wedding,64
0065,The Big Apple ATM,320 West 111th St,Suite 15,New York,NY,10026-4020,USA,,CUSTOMER,Ali Hamoudeh,65
0066,Transaction Equipment Corp,66 John Street,,Brooklyn,NY,11201-1122,USA,,CUSTOMER,Jim Shrayef,66
0067,Trifecta ATM Networks,17636 Azalea Ct.,,Brownstown,MI,48173-8734,USA,,CUSTOMER,Christian Boller,67
0068,Trisul Group LLC,P.O. Box 191768,,Dallas,TX,75219-8506,USA,,CUSTOMER,,68
0069,United Gaming,130 Barrington Pkwy,,Stockbridge,GA,30281-4770,USA,,CUSTOMER,Nisha Patel,69
0070,Universal Fairs,2700 N. Collierville-Arlington,,Eads,TN,38028-9344,USA,,CUSTOMER,David Renfro,70
0071,Vanderheiden ATMs,P.O. Box 297,,Clements,CA,95227-0297,USA,,CUSTOMER,John Venderheiden,71
0072,Visalia Rawhide,300 N. Giddings St.,,Visalia,CA,93291-4745,USA,,CUSTOMER,Tom Seidler,72
0080,Matheis Novelty,960 Baxter Ave.,,Louisville,KY,40204-2170,USA,,CUSTOMER,Gary Matheis,80
0081,My Prepaid Source,405 Harrison Street,,Springfield,OH,45505-2004,USA,,CUSTOMER,Eric Gray,81
0090,ATM World,33-42 9th Street,,Astoria,NY,11106-4902,USA,,CUSTOMER,Brian Albright,90
0091,New Systems International,119 North El Camino Real,Suite #157,Encinitas,CA,92024-5397,USA,,CUSTOMER,Mel Giley,91
0110,Switch Commerce,6565 North MacArthur Blvd.,Suite 1000,Irving,TX,75039-2486,USA,,CUSTOMER,Trip Ochenski,110
0111,Carolina ATM Services LLC,137 Trans Air Dr.,,Morrisville,NC,27560-7211,USA,,CUSTOMER,Matt Rausch,111
0112,Becker,2115 Thomas Ave.,,San Diego,CA,92109-4620,United States,,CUSTOMER,Scott Becker,112
0120,Cincinnati Bell AnyDistance,C/O Rivermine,PO Box 2457,Secaucus,NJ,07096-2457,United States,,CUSTOMER,,120
0140,Inovations Salon & Spa,3627 State Route 31,,Liverpool,NY,13090-1005,USA,,CUSTOMER,Jennifer Richardson,140
0141,Tampa Safe Exchange,8267-A Causeway Blvd.,,Tampa,FL,33619-6520,USA,,CUSTOMER,Gary Cooper,141
0150,Cash In A Flash ATM,P.O. Box 271802,,Fort Collins,CO,80527-1802,USA,,CUSTOMER,Brian Peterson,150
0161,"Alpha-Omega Solutions, LLC",280 85th Street,Suite 100,Brooklyn,NY,11209-4351,USA,,CUSTOMER,Nick Sarantopoulos,161
0162,Buono Beef Company,6801 West Roosevelt Road,,Berwyn,IL,60402-1019,USA,,CUSTOMER,,162
0163,BancGroup Mortgage Corporation,10400 South Roberts Road,,Palos Hill,IL,60465-1972,USA,,CUSTOMER,,163
0164,Fast Cash,2 Bala Plaza,Suite 300,Bala Cynwyd,PA,19004-1512,USA,,CUSTOMER,Muda Adeokun,164
0165,Federal Signal Corporation,1300 W. Bartlett Road,,Elgin,IL,60120-7528,USA,,CUSTOMER,Elgin Sweeper,165
0166,Advanced Credit card Solutions,27301 Willowgreen Court,,Franklin,MI,48025-1788,USA,,CUSTOMER,Sanford Passer,166
0167,NVIZN IT,1000 Cliff Mine Road,Suite 520,Pittsburgh,PA,15275-1029,USA,,CUSTOMER,Cherie Bergles,167
0168,Cash Man Services,1735 South 900 West,#6,Salt Lake City,UT,84104-1716,USA,,CUSTOMER,Aaron Hoopes,168
0169,Cash Ready ATM,260 Garfiield Avenue,,Cocoa Beach,FL,32931-4016,USA,,CUSTOMER,Blame Amy,169
0170,EZ ATM Inc.,1484 Madeira Drive,,Pacifica,CA,94044-4331,USA,,CUSTOMER,Nick Macario,170
0180,Total ATM,15430 S.W. 20th Street,,Miamia,FL,33185-0000,USA,,CUSTOMER,Max Contador,180
0181,A-List Hair Studio,2500 Lapalco Boulevard,,Harvey,LA,70058-6127,USA,,CUSTOMER,A-list Studio,181
0183,ATM Sales & Service,5 Bayden Path,,Plymouth,MA,02360-1796,USA,,CUSTOMER,Steve DiGiovanni,183
0184,Autotell Networking Inc.,"5420 State Farm Drive, Suite B",,Rohnert Park,CA,94928-1657,USA,,CUSTOMER,Glenn Olson,184
0185,B and E Transactions,"5420 State Farm Drive, Suite B",,Rohnert Park,CA,94928-1657,USA,,CUSTOMER,Glenn Olson,185
0186,Etran Florida LLC,753 East Glenn Avenue,,Auburn,AL,36830-5016,USA,,CUSTOMER,Jackie Young,186
0187,Jett Financial,301 S. Cypress St.,,Hammond,LA,70403-4238,United States,,CUSTOMER,Trey Tantillo,187
0188,Lone States ATM,3318 Louvre Lane,,Houston,TX,77082-6686,USA,,CUSTOMER,Billy Tran,188
0189,Premier ATM,4260 Emory Avenue,,Houston,TX,77005-1923,USA,,CUSTOMER,,189
0191,RCG Technology,"5420 State Farm Drive, Suite B",,Rohnert Park,CA,94928-1657,United States,,CUSTOMER,Glenn Olson,191
0192,RMJ/Sammarco,"5420 State Farm Drive, Suite B",,Rohnert Park,CA,94928-1657,USA,,CUSTOMER,Mike Sammarco,192
0193,Sun Electronic Payment Services,2157 Admiral Wilson Boulevard,,Camden,NJ,08109-3920,USA,,CUSTOMER,Hyung Yun,193
0194,Sun Electronic Payment Services (JBM Lease),2157 Admiral Wilson Blvd.,,Camden,NJ,08109-3920,USA,,CUSTOMER,Hyung Yun,194
0195,Transact Solutions,"5420 State Farm Drive, Suite B",,Rohnert Park,CA,94928-1657,United States,,CUSTOMER,Glenn Olson,195
0196,VMI Communications,"5420 State Farm Drive, Suite B",,Rohnert Park,CA,94928-1657,USA,,CUSTOMER,Glenn Olson,196
0197,United ATM,2658 Bridle Ridge Way,,Buford,GA,30519-7675,United States,,CUSTOMER,Asif Noorani,197
0200,Alliant Premier ATM (SEA),3350 W. Americana Terrace,Suite 340,Boise,ID,83706-2547,United States,,CUSTOMER,Amy Halquist,200
0202,Fast ATMs,14 Wood Road,Suite 18,Braintree,MA,02184-2402,United States,,CUSTOMER,Paul Stacy,202
0203,EchoSat Communications Group,250 W. Main Street,Suite 3100,Lexington,KY,40507-1700,United States,,CUSTOMER,Kelly Rutherford,203
0210,Action Video and Vending,463 Woodland Drive,,Buffalo,NY,14223-1724,United States,,CUSTOMER,Marc Whitelaw,210
0211,GTT Media Processing Center (Megapath),C/O TEOCO MS-GTT,"12150 Monument Drive, Ste 700",Fairfax,VA,22033,United States,,CUSTOMER,,211
0222,ATM & E Communications,"5420 State Farm Drive, Suite B",,Rohnert Park,CA,94928-1657,United States,,CUSTOMER,Omid  Telmoun,222
0223,WRG Services,PO Box 380,,Willoughby,OH,44096-0389,USA,,CUSTOMER,Wes Novak,223
0224,Quarles Petroleum Inc.,1701 Fall Hill Avenue,Suite 200,Fredericksburg,VA,22401-3564,USA,,CUSTOMER,John Baugh,224
0230,Cash Convenience Industries,733 Lakefield Road,Suite AA,Westlake Village,CA,91361-2625,United States,,CUSTOMER,Naz Shams,230
0240,ATM Sales and Service Inc. MA,1A Carlin's Way,,Truro,MA,02666-0000,United States,,CUSTOMER,Stephen DiGiovanni,240
0241,ATM Cash Services,30 Forest Creek Drive,,Spencerport,NY,14559-9790,United States,,CUSTOMER,Steve Licciardello,241
0251,ATM Solutions Inc.,6515 Polo Drive,,Cumming,GA,30040-7005,United States,,CUSTOMER,Bob Hutchins,251
0252,24X7 CashCo LLC,4833 Saratoga Boulevard,PMB 405,Corpus Christi,TX,78413-2213,United States,,CUSTOMER,Nick Crumly,252
0253,ASAI,101 N Brand Boulevard,Suite 1230,Glendale,CA,91203-2677,United States,,CUSTOMER,Noel Sanchez,253
0253,ASAI,12700 century drive,Suite b,Alpharetta,GA,30004,,,CUSTOMER,Dean Scaros,253
0260,C&C International,1279 7th Ave.,,San Francisco,CA,94122-2505,United States,,CUSTOMER,Don Carmignani,260
0261,FCTI (Nationwide Money Services),11766 Wilshire Boulevard,Suite 1100,Los Angeles,CA,90025-6561,United States,,CUSTOMER,Oneida Figueroa,261
0270,J&P Enterprises,2025 Worthington Court,,Mcungie,PA,18062-8042,USA,,CUSTOMER,John Tornese,270
0271,Speedy Cash ATM,2207 Delmar Avenue,,Grand Island,NE,68803-6314,USA,,CUSTOMER,Leland Peterson,271
0280,Safe Cash Systems Inc.,6136 Cockrill Bend Circle,,Nashville,TN,37209-1050,United States,,CUSTOMER,Anthony Garrett,280
0290,ATM Atlanta,2204 Vinings North Lane SE,Suite 101,Smyrna,GA,30080-5979,United States,,CUSTOMER,David Shurden,290
0291,ISA-Ecash Inc.,85 Astor Ave,Suite 1,Norwood,MA,02062-4040,United States,,CUSTOMER,Jack Otoole,291
0292,Goldstar ATM,P.O. Box 221,,West Linn,OR,97068-0221,United States,,CUSTOMER,Sky Trammell,292
0293,ATM Services (PHX),1810 E. Harmont Drive,,Phoenix,AZ,85020-3943,USA,,CUSTOMER,Justin Blake,293
0294,Prime ATM LLC,420 Sharwood Dr.,,Naple,FL,34110-5726,United States,,CUSTOMER,Anthony Berk,294
0295,DSA ATMs,10190 N Prescott Ridge Rd,,Prescott Valley,AZ,86315-9706,United States,,CUSTOMER,Augie Lombardi,295
0296,Allstate ATM Inc.,803 Harkrider Street,Suite 14,Conway,AR,72032-5640,USA,,CUSTOMER,David Stewart,296
0297,United ATM Group (MI),4301 West William Cannon Drive,"Building B, Suite 400",Austin,TX,78749-1558,USA,,CUSTOMER,Christopher Jabbori,297
0300,Southern Cash Company,3250 NE Candice Ave #84,,Jensen Beach,FL,33071-3959,United States,,CUSTOMER,Chris Bonawitz,300
0310,Cash Solutions,2601 N. Azalea,Suite 5,Victoria,TX,77901-4146,USA,,CUSTOMER,Jim Hoodenpyle,310
0311,J & A ATM,6939 Amboy Road,,Staten Island,NY,10309-3141,United States,,CUSTOMER,Joe Biondolillo,311
0312,Eight Fourty Seven Inc.,35325 Fircrest Street,,Newark,CA,94560-1007,USA,,CUSTOMER,Eric Johnston,312
0320,Dave Evans,5827 Beverly Drive,,Hanahan,SC,29410-3126,United States,,CUSTOMER,Dave Evans,320
0321,UTSC,43 Point of Pines Road,,East Freetown,MA,02717-1204,USA,,CUSTOMER,Matthew Waldron,321
0330,Peachtree ATMs LLC,3080 Trotters Way,Suite 200,Alpharetta,GA,30004-7704,United States,,CUSTOMER,John Toole,330
0340,Bullett Vending LLC,303 East Union,,Pacific,MO,63069-1629,USA,,CUSTOMER,Linds Breeden,340
0350,"AAA ATM, Inc.",6150 W. Gila Springs Place,Suite 14,Chandler,AZ,85226-3593,United States,,CUSTOMER,Natalie Pierce,350
0360,American Telephone Exchange,980 S. Dry Valley Road,,Cookeville,TN,38503-4912,United States,,CUSTOMER,Bob Lollar,360
0371,Reliable ATM LLC,284 Howze Beach Road,,Lidell,LA,70461-4636,USA,,CUSTOMER,Richard Baumy,371
0380,ATM USA LLC,2200 Gateway Centre Blvd.,Suite 220,Morrisville,NC,27560-6218,USA,,CUSTOMER,Tony Mercer,380
0390,Quick Draw ATM Inc.,305 Vineyard Town Center,# 224,Morgan Hill,CA,95037-5674,United States,,CUSTOMER,Ken Haynes,390
0391,524 Private Student Housing,524 Angliana Ave.,,Lexington,KY,40508-3190,USA,,CUSTOMER,Charlie Fillisco,391
0400,Don's Place Inc.,207 West Morgan Street,,Jacksonville,IL,62650-2419,United States,,CUSTOMER,Dan Kindred,400
0410,Columbus Data Services,5220 Spring Valley Road,Suite 300,Dallas,TX,75254-1944,United States,,CUSTOMER,John Willmon,410
0420,ATM Source Inc.,17610 Storage Road,Suite 11,Omaha,NE,68136-1506,United States,,CUSTOMER,Gary Budden,420
0421,Bria Galliani (Abellard Group),4550 Brady Lane,,Palm Beach Gardens,FL,33418-5702,United States,,CUSTOMER,Derrick Abellard,421
0422,Any Card ATM,950 Ridge Road,Suite B15,Claymount,DE,19703-3535,USA,,CUSTOMER,Andrew Kim,422
0424,MBE Coin Phone LLC,25 Featherbed Lane,,Derry,NH,03038-4187,USA,,CUSTOMER,Marc Brotman,424
0425,FCTI Inc.,11766 Wilshire Boulevard,Suite 1100,Los Angeles,CA,90025-6545,United States,,CUSTOMER,Jeff Wernecke,425
0425,FCTI Inc.,7018 AC Skinner Pkwy,Suite 230,Jacksonville,FL,32256,United States,,CUSTOMER,"Logistics Manager C/O FCTI, Inc.",425
0430,Intelli-Call Communications,871 Maplewood Road,,Lake Ariel,PA,18436-3339,USA,,CUSTOMER,Jeff Wittenbrader,430
0431,Prism Systems,200 Virginia Street,,Mobile,AL,36603-2018,USA,,CUSTOMER,Keith Jones,431
0432,Skylink Corporation,191 Vivian Drive,,Pleasant Hill,CA,94523-2935,USA,,CUSTOMER,Kelli Duffy,432
0440,V. Kumar Enterprises,9816 4th Avenue,Suite 2F,Brooklyn,NY,11209-8146,United States,,CUSTOMER,Victor Ghelani,440
0441,Lighthouse Telecom LLC,51 Cummings Road,,Newton Centre,MA,02459-1734,USA,,CUSTOMER,Leon Cote,441
0450,Cash Tech,10406 Manchester Road,Suite 212,Kurtwood,MO,63122-1524,USA,,CUSTOMER,Vy Chantharasy,450
0460,Mason ATM,3376 Hunters Point Road,,Smyrna,GA,30082-2438,USA,,CUSTOMER,Sam Mason,460
0461,BEN Enterprises,3107 Desoto Street,,Monroe,LA,71201-3921,United States,,CUSTOMER,Vance Elkins,461
0462,Enhanced Management Services,PO Box 397,,East Otis,MA,01029-0397,United States,,CUSTOMER,Lon Brontman,462
0470,ATMmachine.com,"7960 B Soquel Drive, #116",,Aptos,CA,95003-3999,United States,,CUSTOMER,Susan Miller,470
0471,Cash Express Services,19309 Aqua Springs Drive,,Lutz,FL,33558-9709,United States,,CUSTOMER,Chris Dedyo,471
0480,Abierto Networks,11 Sanborn Lane,Suite 3,Eliot,ME,03903-2063,USA,,CUSTOMER,Rick Sales,480
0490,24/7 ATM PROVIDERS,5000 W. Oakey Blvd.,Ste. E9,Las Vegas,NV,89146-3393,United States,,CUSTOMER,C. Ravi Chandran,490
0500,MTP Technologies,4831 Balmoral,,Chicago,IL,60630-1503,USA,,CUSTOMER,Mike Anderson,500
0510,TTMS,P.O. Box 28997,,Phoenix,AZ,85255-0166,United States,,CUSTOMER,James Verbic,510
0520,Professional ATM Services,120 Long Ridge Drive,,Columbia,SC,29229-9230,United States,,CUSTOMER,John Howe,520
0530,Galcom Products,PO Box 7623,,Torrance,CA,90504-9023,United States,,CUSTOMER,Steve Veliz,530
0540,Grahams Check Cashing,1649 Main Street,,Springfield,MA,01103-1213,United States,,CUSTOMER,Fred Hall,540
0550,SouthCoast ATMs,11 Cove Street,,Mattapoisett,MA,02739-4128,USA,,CUSTOMER,Eric Morrissette,550
0560,Kooler ice,510 Dunbar Road,,Byrun,GA,31008-7675,United States,,CUSTOMER,Cleveland Hobbs,560
0570,Carpe Diem Partners,"12 Bay Street, Suite 102",,Wilmington,MA,01887-3012,United States,,CUSTOMER,Derek Santini,570
0571,First Data Retail ATM Services,2201 Civic Circle,8th Floor,Amarillo,TX,79109-1817,USA,,CUSTOMER,David Snyder,571
0580,ATM Services of NJ,68 White Street Suite 7 #122,,Red Bank,NJ,07701-5532,United States,,CUSTOMER,John Pratt,580
0590,Lombardi ATM Sales and Service,"3807 W. Sierra Hwy, #6-4450",,Acton,CA,93510-1255,United States,,CUSTOMER,Anthony Lombardi,590
0600,Hi Tek Solutions,9826 W. Langlade Street,,Milwaukee,WI,53225-1630,USA,,CUSTOMER,Mohammad Arif,600
0610,Wellington Technologies,2110 Overland Avenue,Suite 130,Billings,MT,59102-6486,United States,,CUSTOMER,Rich White,610
0611,American Gold ATM,4115 Trinity Drive,,Santa Rosa,CA,95405-7715,United States,,CUSTOMER,Ben Davis,611
0612,Jeff Baird,"5420 State Farm Drive, Suite B",,Rohnert Park,CA,94928-1657,USA,,CUSTOMER,Glenn Olson,612
0613,ATM Business Center,130 Division Ave.,,Brooklyn,NY,11211-8253,United States,,CUSTOMER,Abraham Hoffman,613
0614,Kansas City ATM,1109 Park Drive,,Greenwood,MO,64034-9348,USA,,CUSTOMER,Brian Gray,614
0615,American Fork Lift Scales,4804 Granite Drive,Bldg. F-3 Suite 293,Rocklin,CA,95677-2857,USA,,CUSTOMER,,615
0620,Planet ATM,420 S Broadway,,Yonkers,NY,10705-2301,USA,,CUSTOMER,Steve Papakonstantis,620
0621,NEC Corporation of America,4 Forest Parkway,,Shelton,CT,06484-6122,USA,,CUSTOMER,Richard Dias,621
0622,ATM Cash Plus,8169 Pioneer Blvd.,,Whittier,CA,90606-2945,United States,,CUSTOMER,Ramzy Saad,622
0623,Grandwell,P.O. Box 5722,,Cary,NC,27512-5722,USA,,CUSTOMER,Ming Wu,623
0630,Digital Network Solutions,P.O. Box 4247,,Fort Walton Beach,FL,32549-4247,United States,,CUSTOMER,Joy Mathis,630
0631,ATM Central,6468 5th Ave. South,,St. Petersburgh,FL,33707-2333,USA,,CUSTOMER,Jeff Munford,631
0632,"D & G Coin, LLC",4 Brookfarm Road,,North Providence,RI,02904-3406,USA,,CUSTOMER,Ed Perrotta,632
0640,Newport Music Co.,849 Union Street,,Portsmouth,RI,02871-2211,United States,,CUSTOMER,William Caragianis,640
0641,Network Payment Systems,100 Steeplechase,,Willoughby Hill,OH,44092-2674,United States,,CUSTOMER,Leonard Fiore,641
0642,All Star Vending Service,148A Bigelow Street,,Brighton,MA,02135-1743,USA,,CUSTOMER,Solon Zafiropoulos,642
0643,Goshen ATM,16 McBride Place,,Goshen,NY,10924-2107,USA,,CUSTOMER,Bob Wiley,643
0644,Financial Equipment and Data Corp.,2169 Stanton Rd.,Suite 100,Daphne,AL,36526-5140,United States,,CUSTOMER,Chp Smith,644
0650,"Fueling Technologies, Inc.",14253 169th Drive Southeast,Unit# 773,Monroe,WA,98272-2901,United States,,CUSTOMER,Chuck Northrop,650
0660,ATM INDY,5512 Bloomsbury Court,,Greenwood,IN,46143,United States,,CUSTOMER,Brittney Zoellner,660
0670,"Worldwide ATM, Inc.",17800 S. Main Street,Suite 107,Gardena,CA,90248-3510,United States,,CUSTOMER,Siamak Simany,670
0680,TPS Enterprises,4147 Raspberry Ridge Road,,Prior Lake,MN,55372-1197,United States,,CUSTOMER,Tim Straley,680
0690,EchoSat / Abierto,250 W. Main Street,Suite 3100,Lexington,KY,40507-1700,United States,,CUSTOMER,Mark Carl,690
0691,Matrix ATM,210 Center Street,,North Wales,PA,19454-3326,USA,,CUSTOMER,Rick Tibberino,691
0692,CSA,13 Polly's Lane,,Congers,NY,10920-1107,United States,,CUSTOMER,Tom Ciccone,692
0700,H & G Technology Services,c/o Toni Deli Grocery,526 E. 183rd Street,Bronx,NY,10458-7904,United States,,CUSTOMER,Carlo Hernandez,700
0702,Capital Link ATM LLC,35 Osborne Road,,Garden City,NY,11530-3123,United States,,CUSTOMER,Phil Thomas,702
0703,ATMs Unlimited Corp.,1044 Parkway Street,Suite 1,Riverhead,NY,11901,United States,,CUSTOMER,Walter Peterson,703
0704,ATMs of Lousiana,43097 Sycamore Bend Ave.,,Gonzales,LA,70737-7774,USA,,CUSTOMER,Kris Gomez,704
0710,Sactown ATM,3641 Timmco Court,,Carmichael,CA,95608-3075,United States,,CUSTOMER,John Vranich,710
0711,RT Financial Services,35475 Vine Street,Suite 214,Eastlake,OH,44095-3147,USA,,CUSTOMER,Steve Farley,711
0712,Farley,35475 Vine St.,Suite 214,Eastlake,OH,44095-3147,United States,,CUSTOMER,Steve Farley,712
0713,Kallay,35475 Vine St.,Suite 214,Eastlake,OH,44095-3147,USA,,CUSTOMER,Brian Kallay,713
0714,Whitehouse,35475 Vine St.,Suite 214,Eastlake,OH,44095-3147,USA,,CUSTOMER,Rob Whitehouse,714
0720,"Integral Merchants Group, LLC",199 S. Chillticothe Road,Suite 50,Aurora,OH,44202-6518,USA,,CUSTOMER,Bruce Vanzzo,720
0721,RJ Amusements,25 Joanne Drive,,Holyoke,MA,01040-1272,United States,,CUSTOMER,Marc Hebert,721
0722,Ready Cash ATM,4130 Dune Dr,,Evans,GA,30809,United States,,CUSTOMER,John Kelly,722
0723,Global ATM and Financial Services,PO Box 91316,,San Antonio,TX,78209-9099,United States,,CUSTOMER,Arati Moses,723
0724,NYCE,7128 5th Ave.,,Brooklyn,NY,11209-1677,United States,,CUSTOMER,Dar Reynolds,724
0725,Danny Dorsett,P.O. Box 107,,Hanna,IN,46340-0107,USA,,CUSTOMER,Danny Dorsett,725
0726,Business Resource Group,P.O. Box 737,,Frenchtown,MT,59834-0737,United States,,CUSTOMER,Larry Exe,726
0727,ASE Communications,14302 SW 142nd  Ave,,Miami,FL,33186-6748,United States,,CUSTOMER,Alfred Beltre,727
0728,"Swipe USA, LLC",2625 Alcatraz Ave.,Suite 516,Berkeley,CA,94705-2702,USA,,CUSTOMER,Molly McClarrinon,728
0730,Equity Cash Systems,106 Newman Drive,,Brunswick,GA,31520-2935,United States,,CUSTOMER,Rob Furlong,730
0731,Payment Services,305 Crest Ave,,Alamo,CA,94507-2627,United States,,CUSTOMER,Steven Sciammas,731
0740,B & B Music,3901 Superior Avenue,,Cleveland,OH,44114-4129,United States,,CUSTOMER,Robert Ohi,740
0750,AB ATM,1741 Mountain Industrial Blvd,,Stone Mountain,GA,30083-1027,USA,,CUSTOMER,John Chisena,750
0751,MG ATM,3 Manor Court,,Old Bridge,NJ,08857-2753,United States,,CUSTOMER,Mike Giannattino,751
0752,Rorabeck's Plants,5539 S. Military Trail,,Lake Worth,FL,33463-6934,USA,,CUSTOMER,Jennifer,752
0760,FAM Capital,3660 Burnette Park Dr.,Suite A,Suwanee,GA,30024-7106,United States,,CUSTOMER,Yong Hahn,760
0761,ATM Services (Infostar),4611 South University Drive,No. 165,Davie,FL,33328-6102,United States,,CUSTOMER,Heather Rochford,761
0762,"ATM Horizons, LLC",3065 McCall Drive,Suite #8,Atlanta,GA,30340-2829,United States,,CUSTOMER,John Chisena,762
0770,Action Amusements,1959 Saratoga,Building 28,Corpus Christi,TX,78417-3432,United States,,CUSTOMER,Gordon Scott,770
0780,US Alliance Group,27422 Portola Parkway,Suite 110,Foothill Ranch,CA,92610-2856,USA,,CUSTOMER,Kevin Coatney,780
0781,Credit Card Properties,15 Heather Drive,,Marlton,NJ,08053-1941,USA,,CUSTOMER,Gerald Nimberg,781
0790,All For The Trinity,"5420 State Farm Drive, Suite B",,Rohnert Park,CA,94928-1657,USA,,CUSTOMER,Dane Young,790
0791,"All Things ATM, Inc.",604 Troon Circle,,Augusta,GA,30907-9538,USA,,CUSTOMER,John Green,791
0792,Tri Eagle ATM,1705 San Damian Road,,Tallahassee,FL,32303-2602,United States,,CUSTOMER,Mohamed Nabulsi,792
0800,Preferred ATM Services,1530 Sun City Boulevard,Suite 120 PMB 480,Georgetown,TX,78633-5352,United States,,CUSTOMER,Bill McMillon,800
0801,VIP ATM,348 NE 91st Street,,Miami Shores,FL,33138-3130,United States,,CUSTOMER,William Pacheo,801
0802,EFX Corp,4801 South University Drive,Suite 303,Davie,FL,33328-3843,USA,,CUSTOMER,Ryan Nolte,802
0803,The Olympian Centre,850 N. Dupage Avenue,,Lombard,IL,60148-1249,USA,,CUSTOMER,Pete Becker,803
0810,Cash Cow ATM,9893 North Balboa Drive,,Sun City,AZ,85351-4550,USA,,CUSTOMER,Jeff Greenlee,810
0811,Access ATM,10801 Hammerly Blvd,Suite 238,Houston,TX,77043-3252,USA,,CUSTOMER,Kurt Schneider,811
0812,Broadway Bagels,581 Broadway,,Bayonne,NJ,07002-3830,USA,,CUSTOMER,James Calandra,812
0813,ATM Functions,247 Regina Street,,Philadelphia,PA,19116-2314,United States,,CUSTOMER,Nick Kaloudis,813
0815,University Access ATM,19819 Cherry Oaks Lane,,Humble,TX,77346-2033,USA,,CUSTOMER,Tony Lewis,815
0816,Jordon McGee,1515 N Town East Blvd,#138-104,Mesquite,TX,75150-4157,USA,,CUSTOMER,Jordon McGee,816
0820,"Liberty Coin, Inc.",P.O. Box 1063,,Virginia,MN,55792-1063,United States,,CUSTOMER,Jennifer JacKola,820
0830,United ATM (LA),3275 Wilshire Blvd,Suite 100,Los Angeles,CA,90010-1281,USA,,CUSTOMER,Myla Viray,830
0840,ATM Solutions (NJ),125 Ogden Avenue,Apt. 1,Jersey City,NJ,07307-1316,USA,,CUSTOMER,Tom Sheridan,840
0841,Venco Business Solutions,P.O. Box 237,,Bland,VA,24315-0237,United States,,CUSTOMER,Jeri Newberry,841
0842,CFB Management,8 Ridge Hill Road,,North Smithfield,RI,02896-9587,United States,,CUSTOMER,Paul Cedroni,842
0843,"Area Wide, Inc.",P.O. Box 907,,Waynesville,OH,45068-0907,United States,,CUSTOMER,Phil Baker,843
0843,"Area Wide, Inc.",4753 E Lower Springboro Rd.,,Waynesville,Ohio,45068-9549,United States,,CUSTOMER,Area Wide,843
0850,Bank Express International,489 Shoemaker Road,Suite 110,King of Prussia,PA,19406-4235,United States,,CUSTOMER,Arlene Kim,850
0860,Allstate ATM,9020 Oviedo Street,,San Diego,CA,92129-2133,United States,,CUSTOMER,Leon Alexander,860
0870,MAZZs ATMs,3536 Rocky River Drive,,Cleveland,OH,44111-2905,USA,,CUSTOMER,John Massimiani,870
0871,ATM Champions (CA),PO Box 2442,,Springfiled,OH,45501-2442,USA,,CUSTOMER,Eric Gray,871
0872,Lieberman Companies,9549 Penn Ave So.,,Bloomington,MN,55431-2563,United States,,CUSTOMER,Accounts Payable,872
0873,"United ATM, Inc.",139 N. Wetherly Drive,,Beverly Hills,CA,90211-1812,United States,,CUSTOMER,Sharone Novel,873
0880,WWECS,401 Sunset Drive South,,Seaside Hts,NJ,08751,United States,,CUSTOMER,John Santoro,880
0890,Swipe-ATM,27 Locust Ave,,Fair Haven,NJ,07724-2472,United States,,CUSTOMER,Scott Wilson,890
0900,Versus ATM Services,30-50 Whitestone Expressway,Suite 103,Flushing,NY,11354-1995,USA,,CUSTOMER,Juan Perez,900
0910,Tech Tahoe,2301 Lake Tahoe Blvd.,Suite 6,South Lake Tahoe,CA,96150-7105,USA,,CUSTOMER,Rob Ranieri,910
0911,Santa Clara University,500 El Camino Real,,Santa Clara,CA,95053-0001,USA,,CUSTOMER,Niranjan Vithanage,911
0920,Great Lakes ATM,701 South Woodward Heights Dr,Suite 110,Ferndale,MI,48220-1492,USA,,CUSTOMER,Greg Andrick,920
0930,Marlin Leasing,300 Fellowship Road,,Mt. Laurel,NJ,08054-1201,USA,,CUSTOMER,Solomon Anderson,930
0940,Jett Financial,301 S. Cypress St.,,Hammond,LA,70403-4238,USA,,CUSTOMER,Trey Tantillo,940
0941,Extreme Marketing,3116 Sunset Avenue,,Richmond,VA,23221-3927,United States,,CUSTOMER,Tecumseh Williams,941
0950,Retail Data Systems/ CRS,5912 Venture Park Drive,,Kalamazoo,MI,49009-1858,United States,,CUSTOMER,Les Farrance,950
0950,Retail Data Systems/ CRS,7097 30th Avenue North,,St Petersburg,FL,33710,United States,,CUSTOMER,Holly Mae,950
0951,Perfect Computers/Perfect Data Systems,486 Magna Vista St.,,Santa Barbara,CA,93110-1924,USA,,CUSTOMER,Steve Walker,951
0960,FRS Communications,743 E Del Mar Ave.,,Orange,CA,92865-3832,USA,,CUSTOMER,Ruth Boettner,960
0970,Champion ATM,250 Doris Drive,,Lucas,TX,75002-1412,United States,,CUSTOMER,Randy Hora,970
0971,Freedom ATM,1082 Big Goose Road,,Sheridan,WY,82801-9454,USA,,CUSTOMER,Peter Widener,971
0980,Designer ATM,PO Box 2214,,Winnetka,CA,91396-2214,United States,,CUSTOMER,Stephen Peace,980
0980,Designer ATM,7655 Winnetka Ave #2214,,Winnetka,CA,91396,United States,,CUSTOMER,Designer ATM,980
0981,Payment Alliance International,200 Briarwood West Drive,,Jackson,MS,39206-3078,United States,,CUSTOMER,,981
0982,Modern Payment Systems,2254 Patrick Lane,,Waukesha,WI,53188-7302,United States,,CUSTOMER,Thomas Hoppe,982
0990,Business Ventures Capital Corporation,3440 Lehigh Street,Suite 332,Allentown,PA,18103-7001,USA,,CUSTOMER,Rene Roldan,990
1000,GRL Mobile ATM,510 Warner Road,,Clarksville,TN,37042-7000,USA,,CUSTOMER,Mac McAulay,1000
1020,Mazen Elmashni,245 Edgewood Rd.,,Redwood City,CA,94062-1715,USA,,CUSTOMER,Mazen Elmashno,1020
1030,Global Cash Network,210 W. Campus Drive,,Arlington Heights,IL,60004-1409,USA,,CUSTOMER,Lisa McGarry,1030
1040,Longhorn Gaming,2203 Anders Lane  Ste. B,,Kemah,TX,77565-3167,USA,,CUSTOMER,Glenn Olson,1040
1041,Merchant Enterprises,1700 W Irving Park Rd,Ste. 308,Chicago,IL,60613-2462,United States,,CUSTOMER,Jim McGarry,1041
1042,Weller Enterprises,301 County Rte 53,,Brasher Falls,NY,13613-3214,United States,,CUSTOMER,Kevin Weller,1042
1043,"American Prepaid, Inc.",13618 Blossom Ridge Dr,,Bakersfield,CA,93306-7738,USA,,CUSTOMER,Thomas Parkes,1043
1044,Western Automatic Music,4206 N Western Avenue,,Chicago,IL,60618-2816,United States,,CUSTOMER,Jim Thom,1044
1050,Cash Solutions - Merrimak,2601 N. Azalea,Suite 5,Victoria,TX,77901-4151,United States,,CUSTOMER,Bill Atzenhoffer,1050
1060,"BHI Advanced Internet, Inc.",7599 Corporate Way,,Eden Prairie,MN,55344-2022,USA,,CUSTOMER,Micha Garneau,1060
1070,JEM Group,3033 Judith Drive,,Bellmore,NY,11710-5312,United States,,CUSTOMER,Martin Isaac,1070
1080,Uprising ATM Corp,625 Washington Avenue,,Brooklyn,NY,11238-3624,United States,,CUSTOMER,Susan Gariulo,1080
1081,Smith Ballstaebt,2842 North 1020 West,,Pleasant Grove,UT,84062-8045,USA,,CUSTOMER,Smith Ballstaedt,1081
1082,"I Share, LLC",P.O. Box 1326,,Auburn,AL,36831-1326,USA,,CUSTOMER,Barry Davis,1082
1084,Linq3,5000 East Spring Street,Suite 310,Long Beach,CA,90815-5210,USA,,CUSTOMER,Roy Leach,1084
1090,Cambria Financial Group,6183 S. Prarie View Dr.,# 101B,Salt Lake City,UT,84129-3203,USA,,CUSTOMER,Amy Nelson,1090
1100,"Avery Scott, LLC",2525 Nelson Miller Parkway,#205,Louisville,KY,40223-3153,USA,,CUSTOMER,Ron Fadel,1100
1101,"Meirtran, Inc.",3549 Merchandise Drive,,Rockford,IL,61109-2513,United States,,CUSTOMER,Gerry Roos,1101
1102,First Financial ATMs,13003 Hampton Circle,,Goshen,KY,40026-8426,United States,,CUSTOMER,Chris Fadel,1102
1103,Cash Connect,500 Creek View Road,Suite 100,Newark,DE,19711-8549,United States,,CUSTOMER,Chad Holman,1103
1120,Burt Corp,2980 Ensign Ave. South,,Minneapolis,MN,55426-2919,United States,,CUSTOMER,Tom Burt,1120
1121,Coffman Enterprises,1109 Versailles Rd.,#400,Lexington,KY,40508-3156,United States,,CUSTOMER,Reid Coffman,1121
1122,Lonestar ATM,1306 Pristine Way,,Sugar Land,TX,77479-6649,USA,,CUSTOMER,Sherman Ye,1122
1141,Xtreme Cash Flow,"650 N Rose Drive, 115",,Placentia,CA,92870-7513,United States,,CUSTOMER,Frank Mejia,1141
1142,Crystal ATM Solutions,1336 Mandalay Court SW,,Lilburn,GA,30047-8930,United States,,CUSTOMER,Sam Nassar,1142
1143,ATM Houston,P.O. Box 130021,,The Woodlands,TX,77393-0021,USA,,CUSTOMER,Chris Tipton,1143
1144,Hart Communications,6067 State Highway 173,,Cochranton,PA,16314-7813,United States,,CUSTOMER,Chuck Hart,1144
1145,Continental Connections Co. Inc.,333 Lafayette Avenue #6B,,Brooklyn,NY,11238-7145,United States,,CUSTOMER,Rasaq Rasaq,1145
1146,Pay-Tel Corp,45 W. Tupper Street,,Buffalo,NY,14202-1710,USA,,CUSTOMER,Jay Alberti,1146
1147,Cash Box Systems,PO Box 460845,,Papillion,NE,68046-0845,United States,,CUSTOMER,Sam Sacco,1147
1150,"A & K ATM, LLC (KY)",7210 Edmonson Place,,Prospect,KY,40059-8827,United States,,CUSTOMER,KC Frey,1150
1160,James Harrison,5001 Bonington Court,,Richmond,VA,23234-2919,United States,,CUSTOMER,James Harrison,1160
1171,7-11 Industries,13787 Royal Melbourne Square,,San Diego,CA,92128-3642,United States,,CUSTOMER,Roger McDonald,1171
1172,Joseph R. Hallimen,4029 Carter Creek Drive,,Avon Park,FL,33825-6069,United States,,CUSTOMER,Joseph Hallimen,1172
1180,A. H. Hermel Co.,23099 North Rivermont Drive,,Mankato,MN,56001-5993,United States,,CUSTOMER,Fran Meyer,1180
1181,"Cash to Go, Inc.",P.O. Box 521521,,Longwood,FL,32752-1521,United States,,CUSTOMER,Betsy Brown,1181
1190,Metro Express Cash Corp,1266 East 72nd Street,,Brooklyn,NY,11234-5817,USA,,CUSTOMER,Adam Masoud,1190
1200,"Atlantic ATM, LLC",2009 Old Bridge Avenue,,Point Pleasant,NJ,08742-4439,USA,,CUSTOMER,Patrick Ippolito,1200
1210,Cash Cow Vending,321 Penncrest Drive,,Langhorne,PA,19047-2207,United States,,CUSTOMER,Jim Kershbaumer,1210
1211,"MJ ATMs, LLC",PO Box 1272,,Prospect,KY,40059-1272,USA,,CUSTOMER,Michael Slagel,1211
1212,Commercial ATM Systems,8510 NW 56th Street,,Doral,FL,33166-3329,USA,,CUSTOMER,Paula Strong,1212
1213,Davren Industries,2777 Cascade Springs S.E.,,Grand Rapids,MI,49546-7419,United States,,CUSTOMER,Dave Hamstra,1213
1214,Ricky Boyles,588 Hwy 334,,Oxford,MS,38655-6376,USA,,CUSTOMER,Ricky Boyles,1214
1215,First American Payment Systems,100 Throckmorton Street,Suite 1800,Fort Worth,TX,76102-2802,United States,,CUSTOMER,Teresa Scott,1215
1216,Ed Schrader,2870 Cluster Dr. #5,,Traverse City,MI,49685-7395,USA,,CUSTOMER,Ed Schrader,1216
1217,Jim Palmer,2103 N.W. Juanita Place,,Cape Coral,FL,33993-4204,USA,,CUSTOMER,Jim Palmer,1217
1218,Southwest ATM,2751 W. Ina Road,,Tuscon,AZ,85741-2505,United States,,CUSTOMER,Dan Ellis,1218
1219,JED ATMs,43555 Bayfield Drive,,Clinton Township,MI,48038-1303,USA,,CUSTOMER,John Doman,1219
1220,Premier ATM (FL),5555 Anglers Ave.,Suite 9,Dania Beach,FL,33312-6654,USA,,CUSTOMER,Maritza Gutierrez,1220
1221,HVL CapitalGroup Corp,82-167 Country Pointe Circle,2nd Floor,Queens Village,NY,11427-3001,United States,,CUSTOMER,Hung Le,1221
1230,Merge Healthcare,900 Walnut Ridge Drive,,Hartland,WI,53029-8347,USA,,CUSTOMER,Michael Hanko,1230
1231,ATM Indy,6403 Forrest Commons Blvd.,,Indianapolis,IN,46227-2199,USA,,CUSTOMER,Fred Osborn,1231
1232,Fast Trans (ATM Speedy Cash),12482 NW 38th Ave.,,Opa Locka,FL,33054-4528,United States,,CUSTOMER,Fast Trans (ATM Speedy Cash),1232
1233,Southern ATM Systems,PO Box 1829,,Oxford,MS,38655-1829,United States,,CUSTOMER,Gary Wright,1233
1234,Sean ONeil,50 Gray Lane,,Goshen,CT,06756-1019,USA,,CUSTOMER,Sean Oneil,1234
1235,Cape Fear ATM,3116 Deaver Circle,,Hope Mills,NC,28348-2030,United States,,CUSTOMER,Mike Waquespack,1235
1240,"Deel Media, LLC",12395 Morris Road,Suite 100,Alpharetta,GA,30005-4001,USA,,CUSTOMER,Bill Clapes,1240
1241,Electronic Transaction Corp,2214 Village Park Road,Apt 203,Plant City,FL,33563-2058,USA,,CUSTOMER,Andy Null,1241
1250,Simmons Survey Corporation,306 N Greenville Ave,,Richardson,TX,75081-3327,United States,,CUSTOMER,Amy Nichols,1250
1251,Rapid Engineering Design,11650 Wannacut Place,,San Diego,CA,92131-3734,USA,,CUSTOMER,Seton Kasmir,1251
1252,CardTronics/Aptus Financial,3250 Briarpark Drive,Suite 400,Houston,TX,77042-4462,United States,,CUSTOMER,Accounts Payable,1252
1253,"HighRise ATM, LLC",848 Brickell Ave #601,,Miami,FL,33131-2915,USA,,CUSTOMER,Osman Alper,1253
1254,Network International Services,149-45 Northern Blvd #2P,,Flushing,NY,11354-3830,United States,,CUSTOMER,Jairo Berrio,1254
1260,L&T Health Systems,135 West Sallier Street,PO Box 1647,Lake Charles,LA,70602-6192,United States,,CUSTOMER,Toby Bright,1260
1261,The Soda Guys,2662 Riverview Drive,,Naples,FL,34112-5833,USA,,CUSTOMER,Anthony Berk,1261
1262,Mark George,8489 Pine Cone Drive,,Commerce Township,MI,48382-4454,United States,,CUSTOMER,Mark George,1262
1271,Access 20 ATM,31 Sarah Lane,,Howell,NJ,07731-9057,USA,,CUSTOMER,Robert Cox,1271
1272,National Card System,134 Avenue E,,Bayonne,NJ,07002-3505,United States,,CUSTOMER,Mike Iskander,1272
1280,"Platinum Financial Group, Inc",1671 Newell Ave.,,Walnut Creek,CA,94595-1429,USA,,CUSTOMER,Yaakov Kagan,1280
1281,The ATM Store,1105 Mission Circle,,Reno,NV,89503-3416,United States,,CUSTOMER,Leslie Buell,1281
1282,"Net Connect Services, Inc.",P.O. Box 3364,,Farmington Hills,MI,48333-3364,USA,,CUSTOMER,Ayman Rida,1282
1283,Pro ATM LLC,969 Reese Road,,Slippery Rock,PA,16057-6021,USA,,CUSTOMER,Brent Mayes,1283
1284,Winners,24 Mentor Drive,,Naples,FL,34110-1348,USA,,CUSTOMER,Joe Candella,1284
1285,Capital Region ATM,112 Central Avenue,,Albany,NY,12206-3002,USA,,CUSTOMER,Pete Stanish,1285
1290,Jim's Vending Company,420 80th Ave,,St. Pete Beach,FL,33706-1604,USA,,CUSTOMER,Jamie Deiteres,1290
1291,"Coastal ATM, LLC",600 Cookman Avenue,,Asbury Park,NJ,07712-7121,United States,,CUSTOMER,Barbara Weinreich,1291
1292,T&T Communications,PO Box 540,,Bellville,TX,77418-0540,USA,,CUSTOMER,Randy Bro,1292
1294,Whaley Communications,1157-2 E. Marion Street,,Shelby,NC,28150-4890,USA,,CUSTOMER,Carl Whaley,1294
1295,BrisaCash,3050 Post Oak Blvd,Suite 460,Houston,TX,77056-6553,USA,,CUSTOMER,Sue Grisham,1295
1296,Metro Business Partners,1867 Independence Square,Suite 201,Dunwoody,GA,30338-5152,USA,,CUSTOMER,Jim McLochin,1296
1297,"Medical Screening Services, Inc.",5727 West Howard Street,,Niles,IL,60714-4012,USA,,CUSTOMER,Stella Micek,1297
1301,"Convenient ATM Services, Inc.",P.O. Box 223,,New London,WI,54961-9040,United States,,CUSTOMER,Rick Flocker,1301
1310,"CDE Partners, LLC",4656 Courtyard Trail,,Plano,TX,75024-2113,USA,,CUSTOMER,Pamela Vandruten,1310
1311,ATM Fund 2017,4656 Courtyard Trail,,Plano,TX,75024-2113,USA,,CUSTOMER,Pamela Vandruten,1311
1312,Growth Capital Partners,1801 S. Federal Hwy,Suite 300,Delray Beach,FL,33483-3335,USA,,CUSTOMER,Craig Sienema,1312
1320,American Merchant Services,2362 Qume Drive,Suite c,San Jose,CA,95131-1841,USA,,CUSTOMER,Kamal Sandhu,1320
1321,Automated Banking Machines,4457 White Bear Parkway,Suite D,White Bear Lake,MN,55110-7657,USA,,CUSTOMER,Brandon Almich,1321
1322,Compact Communications,6 Buckwalter Road,,Audubon,PA,19403-1932,United States,,CUSTOMER,Jihn Shoemaker,1322
1330,ATM Alliance Group LLC,3049 Conrad Way,,Lansdale,PA,19446-5889,USA,,CUSTOMER,Julie Witsen,1330
1331,Independent ATM,"5420 State Farm Drive, Suite B",,Rohnert Park,CA,94928-1657,United States,,CUSTOMER,Stephanie Griffith,1331
1340,Cord Financial Services,P.O. Box 1287,,Temple,TX,76503-1287,United States,,CUSTOMER,Dawn Garrison,1340
1341,Starlight Entertainment,PO Box 235,,Springfield,MA,01101-0235,USA,,CUSTOMER,Mike Brisbois,1341
1350,Jeranis,PO Box 534,,Canfield,OH,44406-0534,United States,,CUSTOMER,Raymond Lonsway,1350
1351,Larry Aldridge,12313 Point Sunrise,,Midlothian,VA,23112-6835,United States,,CUSTOMER,Larry Aldridge,1351
1352,Tina Armstead,5720 Yellowleaf Drive,,Richmond,VA,23234-5940,United States,,CUSTOMER,Tina Armstead,1352
1353,Global Mission ATMs,719 Allen Drive,,Corona,CA,92879-8889,USA,,CUSTOMER,Laura Salazar,1353
1354,Benjamin Washington LLC,1425 Garden Strret,Apt. 204,Hoboken,NJ,07030-4591,USA,,CUSTOMER,Matt Christmas,1354
1355,"Midwest Money, LLC",8400 Hanley Industrial Court,,St. Louis,MO,63144-1918,USA,,CUSTOMER,Norm Farber,1355
1360,"Northeast ATM, Inc.",144 Metro Park,,Rochester,NY,14623-2653,United States,,CUSTOMER,Scott Oldfield,1360
1370,"Lendell Vending, Inc.",1435 Poole Circle,,Garnet Valley,PA,19060-1834,United States,,CUSTOMER,Rick Teitlebaum,1370
1371,"ATM Technologies, LLC",PO Box 30384,,Charlotte,NC,28230-0384,United States,,CUSTOMER,Tyler Thore,1371
1372,Shanuu Enterprises,564 Camano Way,,McDonough,GA,30253-8378,United States,,CUSTOMER,Keith Nayee,1372
1380,Solid Source ATM Services,3515 Sierra Ridge Way SW,,Marietta,GA,30008-5311,United States,,CUSTOMER,David Walters,1380
1381,Ultra Pure Water Technologies,395 High Meadows Blvd.,,Lafayette,LA,70507-3414,USA,,CUSTOMER,Renee Thornton,1381
1382,Gold Vend LLC (Cambria Financial),9860 South 700 East,#12,Sandy,UT,84070-3914,United States,,CUSTOMER,Smith Ballstaedt,1382
1383,Pacific Customized Services,401 Avenida Del Mar,,San Clemente,CA,92672-5283,United States,,CUSTOMER,Chris Jacobson,1383
1390,Mohammed B. Alam,2605 Hull Street,,Richmond,VA,23224-3673,United States,,CUSTOMER,Mohammed Alam,1390
1400,National ATM (Star Money Services),9422 Hammerly Blvd,,Houston,TX,77080,United States,,CUSTOMER,Chris Waters,1400
1410,Young at Heart,3900 Dave Ward Drive,,Conway,AR,72034-5583,USA,,CUSTOMER,Darrell Amy,1410
1420,"Cash Train ATMs, LLC",9706 Norman Avenue,,Machesney Park,IL,61115-1604,United States,,CUSTOMER,Donald Davenport,1420
1421,JNJ Systems,125 Wildflower Dr,,Plymouth Meeting,PA,19462-1541,United States,,CUSTOMER,Joe Rauscher,1421
1422,Pioneer Valley Music,108 Cabot Street,,Holyoke,MA,01040-6061,USA,,CUSTOMER,Jon Hebert,1422
1430,Southern Tier Vending Corp.,PO Box 6 E.S.S.,,Binghamton,NY,13904-1343,United States,,CUSTOMER,Patrick Wilbur,1430
1431,"Bet, Inc.",2787 Ashton Tree Place,,Dacula,GA,30019-2917,USA,,CUSTOMER,Ken Eddleman,1431
1440,Cash Alternatives,"3140 Bear Street, Suite 250",,Costa Mesa,CA,92626-2992,United States,,CUSTOMER,Tim Beckering,1440
1450,"Rebee, Inc.",46 Parry Drive,,Hainesport,NJ,08036-4886,USA,,CUSTOMER,Suk lee,1450
1451,"Prestige Credit Consultants, LLC",10351 SW 154 PL #69,,Miami,FL,33196-2617,USA,,CUSTOMER,Julian Chica,1451
1452,"ALPHA 6, Inc.",PO Box 248,,Gladstone,ND,58630-0248,United States,,CUSTOMER,Michelle Fossum,1452
1453,Erving Tran,18 Skycrest,,Mission Viejo,CA,92692-5175,USA,,CUSTOMER,Erving Tran,1453
1454,"Swipe Payment Technologies, Inc.",P.O. Box 379,,Long Beach,MS,39560-0379,United States,,CUSTOMER,Brian Currie,1454
1456,ATM Armored,592 Winks Lane,,Bensalem,PA,19044-1825,USA,,CUSTOMER,Michael Witsen,1456
1460,Motor City Cash Machines,3182 McClure Drive,,Troy,MI,48084-1544,United States,,CUSTOMER,Pete Knappmann,1460
1461,Higi SH llc,"100 South Wacker Drive, Suite 1600",,Chicago,IL,60606-3016,United States,,CUSTOMER,Accounts Payable,1461
1462,Retail Data Systems-SE,375 Franklin Road,Suite 400,Marietta,GA,30067-7741,United States,,CUSTOMER,Dave Burmas,1462
1470,Sawh Corp,2820 Via Orange Way,Suite N,Spring Valley,CA,91978-1742,United States,,CUSTOMER,Sawh Oneil,1470
1471,ATM Solutions (OH),551 Northland Boulevard,,Forest Park,OH,45240-3212,United States,,CUSTOMER,Josh Freels,1471
1472,"Kiosk Wireless, LLC",1129 Oakwood Street,,Burley,ID,83318-5097,USA,,CUSTOMER,Stegen Phillips,1472
1480,Blake ATM,10 Catalina Boulevard,,San Rafael,CA,94901-4405,USA,,CUSTOMER,Blake Maycok,1480
1481,"Hospitality Vending, Inc.",7512 Dr. Phillips Boulevard,,Orlando,FL,32819-5131,USA,,CUSTOMER,Michael Averbukh,1481
1482,Cardtronics (Automated Financial),3250 Briarpark Drive,Suite 400,Houston,TX,77042-4462,USA,,CUSTOMER,Accounts Payable,1482
1490,JET Money,PO Box 801522,,Acworth,GA,30101-1228,USA,,CUSTOMER,Jimmy Tidwell,1490
1501,Traverse Catholic Federal Union,3797 Veterans Drive,,Traverse City,MI,49684-4526,United States,,CUSTOMER,Greg Gurka,1501
1502,Trifecta ATM Networks,17636 Azalea Court,,Brownstown,MI,48173-8734,USA,,CUSTOMER,Boller,1502
1503,LAP Amusements,24142 Mary Street,,Taylor,MI,48180-2157,United States,,CUSTOMER,Larry Pacurai,1503
1510,"Renasis, LLC",1438 E Haven Lane,,Olathe,KS,66062-1712,USA,,CUSTOMER,Beth Chun,1510
1520,Genmega,49066 Milmount Drive,,Fremont,CA,94538-7301,USA,,CUSTOMER,John McDougall,1520
1521,ATM One,"5420 State Farm Drive, Suite B",,Rohnert Park,CA,94928-1657,USA,,CUSTOMER,Brian Austin,1521
1522,Jan Talaga,8125 Yarrow Court,,Waterford,WI,53185-5600,USA,,CUSTOMER,Jan Talaga,1522
1523,Altutude Management Systems,19406 N. 31st. Way,,Phoenix,AZ,85050-8029,USA,,CUSTOMER,Elizabeth Norman,1523
1524,Mary Johnson,1622 Bishop Court,,Belmont,NC,28012-2872,USA,,CUSTOMER,Mary Johnson,1524
1525,"GL Crowther Co., Inc.",2411 Domingo Road,,Fullerton,CA,92835-2423,United States,,CUSTOMER,Gary Crowther,1525
1530,Heritage ATM,37100 Oak Mountain Road,,Temecula,CA,92592-7139,United States,,CUSTOMER,Jim Sorce,1530
1531,North East Equipment Mngt.,PO Box 365,,Teaneck,NJ,07666-0365,USA,,CUSTOMER,Frank Hernandez,1531
1532,Aztech Communications,2 Smethwycke Drive,,Cinnaminson,NJ,08077-4513,United States,,CUSTOMER,John Danko,1532
1533,Pocket Money ATM,19 Madison Court,,Newtown,PA,18940-1266,USA,,CUSTOMER,Fred Mancini,1533
1540,Cummins-Allison Corp,891 Feehanville Drive,,Mount Prospect,IL,60056-6002,USA,,CUSTOMER,Mohama Fayad,1540
1550,ERA Industries,190 Etowah Trace,,Fayetteville,GA,30214-5902,USA,,CUSTOMER,Clarence Johnson,1550
1551,Old Corner Saloon,PO Box 155,,Clements,CA,95227-0155,United States,,CUSTOMER,Todd Anderson,1551
1552,"Ettractions, Inc.",30 B Sixth Road,,Woburn,MA,01801-1758,USA,,CUSTOMER,Annette Spivey,1552
1560,Texas Digital,400 Technology Parkway,,College Station,TX,77845-5826,USA,,CUSTOMER,Jeff Ackley,1560
1561,Exadigm,2871 Pullman Street,,Santa Ana,CA,92705-5713,USA,,CUSTOMER,David Graybeal,1561
1570,"ATM South, LLC",2890 Pangbord Road,,Decatur,GA,30033-0000,USA,,CUSTOMER,Greg Hutchins,1570
1571,"River City ATM, Inc.",11801 Winfore Drive,,Midlothian,VA,23113-2456,United States,,CUSTOMER,Tim Holt,1571
1572,Adflow Networks,500 Office Center Drive,Suite 400,Ft. Washington,PA,19034-3234,USA,,CUSTOMER,Aaron Balogh,1572
1580,ATM Services Corporation,PO Box 34,,Spencerville,MD,20868-0034,United States,,CUSTOMER,Daniel Cohen,1580
1581,Edge One Inc.,161 Business Park Circle,,Stoughton,WI,53589-3391,United States,,CUSTOMER,Tim Mackesey,1581
1582,"Raadius, LLC",345 New Chapel Road,,Whitesburg,GA,30185-2871,USA,,CUSTOMER,Richard Hilling,1582
1583,CORD Financial Services,PO Box 1287,,Temple,TX,76503-1287,United States,,CUSTOMER,Randy Smith,1583
1584,ACFN,255 W. Julian Street,Suite 600,San Jose,CA,95110,United States,,CUSTOMER,Gershon Yakir,1584
1584,ACFN,7721 Charring Cross Lane,,Fayetteville,NC,28314,United States,,CUSTOMER,John Dalton,1584
1584,ACFN,6188 Grovedale Ct. #200,,Alexandria,VA,22310,United States,,CUSTOMER,Tarek Aburish,1584
1584,ACFN,101 Stevens Trail,,Round Rock,TX,78681,United States,,CUSTOMER,Pamela Jasper,1584
1584,ACFN,4786 Olde Village Cove,,Dunwoody,GA,30338,United States,,CUSTOMER,Gary Kellenbach,1584
1584,ACFN,5108 Westmore Ave.,,West Orange,TX,77630,United States,,CUSTOMER,Cathy McKague,1584
1584,ACFN,1108 Manchester Ln,,Charlotte,NC,28227,United States,,CUSTOMER,Clark Williams,1584
1584,ACFN,4515 Ridge Road,,Cazenovia,NY,13035,United States,,CUSTOMER,Bob Gabor,1584
1584,ACFN,8854 Dover Dr.,,Maineville,OH,45039,United States,,CUSTOMER,Ali Ismail,1584
1584,ACFN,1802 Thornton Place,,Hoover,AL,35226,United States,,CUSTOMER,Larry Shotts,1584
1584,ACFN,15801 S. 48th St,Apt 1075,Phoenix,AZ,85048,United States,,CUSTOMER,Stuart Forsberg,1584
1584,ACFN,260 Trenton Ave,,Mercerville,NJ,08619,United States,,CUSTOMER,Joe Giorgianni,1584
1584,ACFN,9005 Wind Warrior Ave,,Las Vegas,NV,89143,United States,,CUSTOMER,Moore Marc,1584
1584,ACFN,10509 Sparks Summit Lane,,Las Vegas,NV,89166,United States,,CUSTOMER,Travis Mizer,1584
1584,ACFN,11422 Cypress Barn Dr,,Baton Rouge,LA,70810,United States,,CUSTOMER,Jon Gardner,1584
1584,ACFN,48 Commentry Dr.,,Little Rock,AR,72223,,,CUSTOMER,Ellen Teeter,1584
1584,ACFN,4201 East Weldon Avenue,,Phoenix,AZ,85018,,,CUSTOMER,Jeems Lochridge,1584
1584,ACFN,590 Beach Street,,Orange,NJ,07050,United States,,CUSTOMER,Kishon Foreman,1584
1584,ACFN,920 S Ridgecrest Cir,,Anaheim,CA,92807,United States,,CUSTOMER,Patrick Gagne,1584
1584,ACFN,101 Inner Harbor Way,,Jupiter,FL,33477,,,CUSTOMER,Pete Burford,1584
1584,ACFN,1025 Homewood Ave,,Melbourne,FL,32940,United States,,CUSTOMER,Steve Shenbaum,1584
1584,ACFN,11947 Cranston Dr,,Arlington,TN,38002,,,CUSTOMER,Chuck Haney,1584
1584,ACFN,23360 Olde MeadowBrook Circle,,Estero,FL,34134,,,CUSTOMER,Jody Thomas,1584
1584,ACFN,803 Glistening Light Court,,Henderson,NV,89052,United States,,CUSTOMER,Michael Ravid,1584
1584,ACFN,115 Peterson Ave,,South Pasadena,CA,91030,,,CUSTOMER,Thor Freyr,1584
1584,ACFN,10849 Barton St,,Overland Park,KS,66210-1261,United States,,CUSTOMER,Terry Claudell,1584
1584,ACFN,1306 Humboldt,Apt 16,Denver,CO,80218,United States,,CUSTOMER,Tom Stovicek,1584
1584,ACFN,1725 Nighbert Lane,,Knoxville,TN,37922,,,CUSTOMER,Margaret L. Doucette,1584
1584,ACFN,3254 Belvedere Court,,Pleasanton,CA,94588,,,CUSTOMER,Mike Flynn,1584
1584,ACFN,1930 NE 2nd Ave #L105,,Wilton Manors,FL,33305,,,CUSTOMER,Todd Zoellick,1584
1584,ACFN,1460 Wedgewood Court,,Fairfield,CA,94534,United States,,CUSTOMER,Jesse Payne,1584
1584,ACFN,1502 False River Dr.,,New Roads,LA,70760,United States,,CUSTOMER,Robert Myer,1584
1584,ACFN,504 Bricker Dr.,,Fort Washington,MD,20744,,,CUSTOMER,Sean Chao,1584
1584,ACFN,42088 Lincolnshire Drive,,Chantilly,VA,20152,,,CUSTOMER,Bao Lo,1584
1584,ACFN,104 Ponciana Drive,,Euless,Texas,76039,United States,,CUSTOMER,John Garsaud,1584
1584,ACFN,7608 NE 57th circle,,Vancouver,WA,98662,United States,,CUSTOMER,Kala Madugula,1584
1584,ACFN,9307 Fanwick CT,,Tomball,TX,77375,United States,,CUSTOMER,Brian Dawson,1584
1584,ACFN,4041 Heath Road,,Finleyville,PA,15332,United States,,CUSTOMER,Ed Delenko,1584
1584,ACFN,3 Victoria Circle,,Salinas,CA,93906,United States,,CUSTOMER,Greg Balch,1584
1584,ACFN,515 N. Arlington Heights Drive,,Itasca,IL,60143,United States,,CUSTOMER,Nicole Kelly,1584
1584,ACFN,2763 River Road,,Kankakee,IL,60901,,,CUSTOMER,Mike LaCost,1584
1584,ACFN,6N263 Glendale Road,,Medinah,IL,60157,United States,,CUSTOMER,Tim Gits,1584
1584,ACFN,1419 Wedgewood Ave,,Des Plaines,IL,60018,United States,,CUSTOMER,Demetrios Giokaris,1584
1584,ACFN,4626 Jamestown Ave,Suite A,Baton Rouge,LA,70808,United States,,CUSTOMER,Robert Myer,1584
1584,ACFN,2016 S Countryside Dr.,,Stillwater,OK,74074,,,CUSTOMER,Tom Houston,1584
1584,ACFN,5056 Castle Douglas Dr,,St. Peters,MO,63304,,,CUSTOMER,Mark Wootten,1584
1584,ACFN,2101 N 166th St,,Omaha,NE,68116,,,CUSTOMER,Michael Berg,1584
1584,ACFN,1001 E North St.,,Eldon,MO,65026,,,CUSTOMER,Mathias Dasal,1584
1584,ACFN,2900 Eastshore Place,,Reno,NV,89509,United States,,CUSTOMER,Tenita Pardue,1584
1584,ACFN,8120 Wikle Rd East,,Brentwood,TN,37027,United States,,CUSTOMER,Bart Holladay,1584
1584,ACFN,185 Sweet Hollow Road,,Old Bethpage,NY,11804,,,CUSTOMER,Jonathan Bragoli,1584
1584,ACFN,8500 Layna Ct,,North Richlands Hills,TX,76182,,,CUSTOMER,Phillip Haynes,1584
1584,ACFN,509 Highland Avenue,,Morton,PA,19070,United States,,CUSTOMER,Robbi Mamun,1584
1584,ACFN,248 Grand Oaks Drive,,Spring Branch,TX,78070,,,CUSTOMER,Carin Wieters,1584
1584,ACFN,11428 Grand Pine Dr.,,Montgomery,TX,77356,United States,,CUSTOMER,Azzaam Rahmaan,1584
1584,ACFN,614 Quail Hill Street,,Fuquay Varina,NC,27526,,,CUSTOMER,Humphrey Okpara,1584
1584,ACFN,5108 Westmore Ave.,,West Orange,TX,77630,United States,,CUSTOMER,John and Cathy McKague,1584
1584,ACFN,11304 Sw Boone’s Ferry Road,,Portland,OR,97219,United States,,CUSTOMER,Mark Seibert,1584
1584,ACFN,255 West Julian St,,San Jose,CA,95110,United States,,CUSTOMER,Elchi Gringras,1584
1584,ACFN,6673 Edgemoore Drive,,College Grove,TN,37046,United States,,CUSTOMER,Ed Finley,1584
1584,ACFN,3665 E. Bay Dr. Ste 201-141,,Largo,FL,33771,,,CUSTOMER,Doug Williams,1584
1584,ACFN,15835 Foothill Farms Loop,Apt. 626,Pflugerville,TX,78660,United States,,CUSTOMER,Jorge Lebron,1584
1584,ACFN,5451 SW 106th Ave,,Cooper City,FL,33328,United States,,CUSTOMER,Ned Gensemer,1584
1584,ACFN,796 Park Rd.,,Lansdale,PA,19446,United States,,CUSTOMER,ANDREW INWEK,1584
1584,ACFN,2211 Orange Root Dr,,Chesapeake,Virginia,23323,United States,,CUSTOMER,Terrell Cuffee,1584
1584,ACFN,600 Three Island Blvd Apt #122,,Hallandale Beach,FL,33009,,,CUSTOMER,Serghei Calughin,1584
1584,ACFN,9128 Brentmeade Blvd.,,Brentwood,TN,37027,,,CUSTOMER,Jerry (Chip) Ikerd,1584
1584,ACFN,700 S. Harbor Island Blvd.,#416,Tampa,FL,33602,United States,,CUSTOMER,John Koen,1584
1584,ACFN,1128 Garretson Ave.,,Corona,CA,92879,United States,,CUSTOMER,Mesha James,1584
1584,ACFN,1204 Lakewood Dr.,,Greensboro,NC,27410,United States,,CUSTOMER,Robin Skirboll,1584
1584,ACFN,2934 Mission Lakes Drive,,Lakeland,FL,33803,United States,,CUSTOMER,Ken Loar,1584
1584,ACFN,115 Peterson Ave.,,South Pasadena,CA,91030,United States,,CUSTOMER,Freyr Thor,1584
1584,ACFN,120 Vista Del Monte,,Los Gatos,CA,95030,United States,,CUSTOMER,Ahmet Akyildiz,1584
1584,ACFN,8330 Governor Kent Terrace,,Ellicott City,MD,21043,United States,,CUSTOMER,Michael Daniel,1584
1584,ACFN,4 Dragonfly Point,,Savannah,GA,31406,United States,,CUSTOMER,David Ziblut,1584
1584,ACFN,5308 McKee Rd,,San Jose,CA,95127,,,CUSTOMER,Damian Llanto,1584
1584,ACFN,2011 Pinehurst Ave,,St. Paul,MN,55116,United States,,CUSTOMER,Dave Elmstrom,1584
1584,ACFN,4569 Florence Dr,,Frisco,TX,75034,,,CUSTOMER,Ron Battaglia,1584
1584,ACFN,49 Ferrell Rd,,Mullica Hill,NJ,08062,United States,,CUSTOMER,Mike Sullivan,1584
1584,ACFN,7230 Cactus Road,,Mechanicsville,VA,23111,United States,,CUSTOMER,Bryan Daniels,1584
1584,ACFN,4378 Tradewinds Dr,,Oxnard,CA,93035,United States,,CUSTOMER,Arthur Warschaw,1584
1584,ACFN,6 Deerhill Dr.,,Rolling Hill Estates,CA,90274,United States,,CUSTOMER,Craig Christensen,1584
1584,ACFN,4815 Park Circle,,West Des Moines,IA,50265,United States,,CUSTOMER,Monica Mazur,1584
1584,ACFN,9626 Gretna Green Dr,,Tampa,FL,33626,US,,CUSTOMER,,1584
1585,R Santos ATM,6900 Hamilton Blvd,Suite 216,Trexlertown,PA,18087-9014,USA,,CUSTOMER,Martin Decarlo,1585
1590,Fast Lines Shipping,200 Valley Drive,Suite 14,Brisbane,CA,94005-1222,USA,,CUSTOMER,Farid Sharif,1590
1600,"PTSG, Inc.",1530 Sun City Texas Blvd,Suite 120-234,Georgetown,TX,78633-5352,United States,,CUSTOMER,Larry Gariepy,1600
1610,Robert's ATM Service,420 Oxford Road,,Havertown,PA,19083-3910,USA,,CUSTOMER,Robert Staschak,1610
1620,Caribbean Sun,711 East 11th Street,Apt. 10F,New York,NY,10009-4255,United States,,CUSTOMER,Eric Linn,1620
1630,JLM Entertainment LLC,2543 E. Camelia Drive,,Gilbert,AZ,85296-8949,United States,,CUSTOMER,Jamie Meyer,1630
1640,ATM America USA,130 Lee Avenue,,Brooklyn,NY,11211-8031,USA,,CUSTOMER,Sam Schwartz,1640
1650,MS Marketing,1925 Lisa Springs Dr.,,Snellville,GA,30078-2973,United States,,CUSTOMER,Mehzer Hermani,1650
1651,Alegacy ATM,1486 South Hanover Street,,Pottstown,PA,19465-7465,USA,,CUSTOMER,Ronald Martin,1651
1652,H2O Dough,3040 Saddleback Drive,,Cincinnati,OH,45244-3821,USA,,CUSTOMER,James Keller,1652
1653,Frisch's Restaurant,2800 Gilbert Avenue,,Cincinnati,OH,45206-1206,USA,,CUSTOMER,Joan Houston,1653
1654,ATM Partners,5321 Mapledale Way,,Mason,OH,45040-5012,USA,,CUSTOMER,Grant Toney,1654
1660,"HS Business Solutions, LLC",517 Beechwood Way,,Lake Orion,MI,48362-1598,United States,,CUSTOMER,Hartono Santoso,1660
1661,ATM Services - Silkwood Mkt,2615 Mountain Industrial Blvd,#12,Tucker,GA,30084-3070,United States,,CUSTOMER,Lisa Kirk,1661
1670,Patrol & Protection Services Inc.,18009 Durrango Court,,Charlotte,NC,28278-8445,United States,,CUSTOMER,Phillip Reccardi,1670
1680,Eric Lundstrom,33800 Dream Street,,Burlington,WI,53105-8768,USA,,CUSTOMER,Eric Lundstrom,1680
1681,Woodruff Consulting,460 Woodruff 2 Rd,,Louisville,MS,39339-7871,United States,,CUSTOMER,Russ Woodruf,1681
1682,ATM Solutions of South Florida,697 NW 105th Drive,,Coral Springs,FL,33071-7918,USA,,CUSTOMER,Chris Bonawitz,1682
1683,Open Sky,35 Eglewood Rd,,Springfield,OH,45504-1412,United States,,CUSTOMER,Jason Lotto,1683
1690,Merchant Service Consultants,446 Hoch Road,,Blandon,PA,19510-9641,USA,,CUSTOMER,Robert Car,1690
1700,Chuck Carroll,204 So Santa Fe,Suite 6,Salina,KS,67401-3994,United States,,CUSTOMER,Chuck Carroll,1700
1701,Garden State Financial,1 Lafayette Ave.,,Mays Landing,NJ,08330-1406,USA,,CUSTOMER,Paul Castaldi,1701
1710,Walding Investments,P.O. Box 330,,Fairhope,AL,36533-0330,USA,,CUSTOMER,Mike Walding,1710
1712,Bryan Cosden,2682 SW Salzedo Ave.,,Port St. Lucie,FL,34987-2242,United States,,CUSTOMER,Bryan Cosden,1712
1713,AMA Financial,1056 US Highway 9 South,,Parlin,NJ,08859-1401,United States,,CUSTOMER,Anthony Flagello,1713
1720,Worldwide ATM Consultants,15277 North County Road,2500,East Oakland,IL,61943-0000,USA,,CUSTOMER,Tara Ashley,1720
1721,Kingston Amusement,144 Eley Street,,Kingston,PA,18704-3905,USA,,CUSTOMER,Frank Sokola,1721
1722,Thillens,4242 N. Elston Avenue,,Chicago,IL,60618-1810,United States,,CUSTOMER,Pedro Gaston,1722
1723,"Plum Combustion, Inc.",2090 Faulkner Road,,Atlanta,GA,30324-4225,USA,,CUSTOMER,David Neff,1723
1730,James River ATM,1442 E. Ocean View Ave,,Norfolk,VA,23503-2309,United States,,CUSTOMER,John Britton,1730
1731,"Northwest ATM Services, Inc.",706 SE Main Street,,Portlland,OR,97214-3422,United States,,CUSTOMER,Markus Smith,1731
1732,Super Value Foods,702 Broadway,,San Diego,CA,92101-5304,United States,,CUSTOMER,Bassam Salem,1732
1733,ValueTec Financial Equipment LLC,14590 E Fremont Ave,,Centennial,CO,80112-4233,United States,,CUSTOMER,Kathleen and Christen Wimack,1733
1734,DH ATM,1350 Abbot Kinney Rd.,,Venice,CA,90291-3893,USA,,CUSTOMER,Diana Howe,1734
1740,Braulio Rivas,"51 Superior St, Unit 2",,Providence,RI,02907-2715,United States,,CUSTOMER,FELMAX,1740
1750,NSPG LLC,1939 S. Industrial,,Ann Arbor,MI,48104-4613,United States,,CUSTOMER,Pam Gibson,1750
1751,Convenient ATMs,12 Standish Lane,PO Box 16,Hereford,PA,18056-0016,USA,,CUSTOMER,Ronald Martin,1751
1752,Charles Gibbs,219 Minitree Lane,,Charlotte,NC,28214-0045,USA,,CUSTOMER,Charles Gibbs,1752
1760,ATM Quick Cash LLC,605 Sawgrass Walk,,McDonough,GA,30253-4014,United States,,CUSTOMER,Nirali Modi,1760
1761,ATM ProSource,14590 E FREMONT AVE,,CENTENNIAL,CO,80112-4233,United States,,CUSTOMER,,1761
1762,Alejandro Orozco,2288 Helix St.,,Spring Valley,CA,91977-3613,United States,,CUSTOMER,Alejandro Orozco,1762
1770,CND Holdings Inc.,22 Prag Boulevard,Unit 304,Monroe,NY,10950-8426,USA,,CUSTOMER,,1770
1771,Missoula Mobile ATM,12564 Moccasin Lane,,Missoula,MT,59808,United States,,CUSTOMER,Andy Lester,1771
1780,Koppel Kask LLC,2162 Townline Road,,Madison,OH,44057-1762,USA,,CUSTOMER,Melanie Koppel,1780
1781,PM Enterprises of NC LLC,PO Box 340,,Magnolia,NC,28453-0340,USA,,CUSTOMER,Taveres Mathis,1781
1790,"AC Capital and Digital Marketing, LLC",157 Quebec Road,,Island Park,NY,11558-1525,USA,,CUSTOMER,Albert Cella,1790
1791,Eagle Express Systems Inc.,151 Prospect Avenue,#19B,Hackensack,NJ,07601-2228,USA,,CUSTOMER,,1791
1792,Retail Data Systems-Wisconsin,1900 Pewaukee Road,Suite M,Waukesha,WI,53188-2447,USA,,CUSTOMER,Bill Hughes,1792
1801,Illiana ATM,6932 Knickerbocker Parkway,,Hammond,IN,46323-2025,USA,,CUSTOMER,Bobby Lendi,1801
1802,Lucky ATM Atlanta,4958 Hammermill Road,,Tucker,GA,30084-6637,United States,,CUSTOMER,Kyle Shepard,1802
1803,DGQ Properties T/A $s Galore LLC,730 Medina Street,,Philadelphia,PA,19147-5727,USA,,CUSTOMER,Li Sciambi,1803
1804,Star Financial Bank,PO Box 10682,,Fort Wayne,IN,46853-0682,United States,,CUSTOMER,Accounts Payable,1804
1805,Four Star Vending,PO Box 1210,,Middleton,MA,01949-3210,USA,,CUSTOMER,Bonnie Morley,1805
1810,"TFG, Inc.",127 Ludlow Street,#2A,New York,NY,10002-3256,USA,,CUSTOMER,Jimmy Li,1810
1820,ATM South LLC (AL),PO Box 360253,,Birmingham,AL,35236-0253,USA,,CUSTOMER,Ben Bentley,1820
1821,"Money Machines, LLC",14190 Pine Glen Dr. E.,,Black Forest,CO,80908-3520,USA,,CUSTOMER,Larry Small,1821
1830,Bob Stedman,2853 Main St.,,Newfane,NY,14108-1232,United States,,CUSTOMER,Bob Stedman,1830
1831,All Around ATM,606 Portal St.,,Cotati,CA,94931-3018,United States,,CUSTOMER,Glenn Olson,1831
1832,Yahya Malabeh,12259 Freeport Dr.,,Victorville,CA,92392-0543,USA,,CUSTOMER,Yahya Malabeh,1832
1870,Cashline ATM,2303 Orange Street,,Highland,CA,92346-1866,United States,,CUSTOMER,Michelle Clive,1870
1878,Bob Schuyler,722 N. Oakwood Avenue,,Oconomowoc,WI,53066-2845,United States,,CUSTOMER,Bob Schuyler,1878
1880,B & L Amusement Company,1403 Dealers Avenue,,Harahan,LA,70123-2233,USA,,CUSTOMER,Theresa Arabi,1880
1881,Cardnet ATM Inc.,80 Homewood Avenue,,Yonkers,NY,10701-5227,United States,,CUSTOMER,,1881
1890,Jersey Shore ATMs,110 Lenape Trail,,Brielle,NJ,08730-1509,United States,,CUSTOMER,Brian Terry,1890
1891,Scott Laughlin,8900 Taliaferro Drive,,Mabelvale,AR,72103-2361,United States,,CUSTOMER,Scott Laughlin,1891
1892,The ATM Guy,314 Williams Avenue S.,#1131,Renton,WA,98057-9776,USA,,CUSTOMER,Eric Schneider,1892
1893,Elieco ATM,1921 East 1st St.,,Brooklyn,NY,11223-2942,United States,,CUSTOMER,Elie Levey,1893
1894,F&R Communication Inc.,149 3rd Ave.,,Brentwood,NY,11717-5321,USA,,CUSTOMER,Jose Guzman,1894
1895,ATM Cash Machines,5161 Lansdowne Drive,,Solon,OH,44139-1228,USA,,CUSTOMER,Howard Meister,1895
1896,Next Level ATM,23027 Doris Way,,Torence,CA,90505-3226,USA,,CUSTOMER,Doug Disanti,1896
1900,Mogadore Systems,25521 Hyacinth St,,Corona,CA,92883-4400,United States,,CUSTOMER,K. Coatney,1900
1910,"Transaction Express, Inc.",274 Redwood Parkway,,Redwood City,CA,94065-1173,USA,,CUSTOMER,Ken Haynes,1910
1911,Sahaj US ATM,2370 Bruner Avenue,,Bronx,NY,10469-6323,United States,,CUSTOMER,Gurinder Singh,1911
1912,Money Trak ATM & Vending,3257 Lookout Point Loop,,Discovery Bay,CA,94505-1861,USA,,CUSTOMER,Corey Criner,1912
1913,Tammy Schunk,4953 Pine Hill Road,,Unadilla,NY,13849-2421,USA,,CUSTOMER,,1913
1915,Ace Data Service Inc.,204 Woodside Cirle,Suite 3A,Dresher,PA,19025-1918,United States,,CUSTOMER,,1915
1916,ACFN of Greater Virginia,3308 White Chimneys Court,,Glen Allen,VA,23060-1925,USA,,CUSTOMER,John Britton,1916
1918,Select ATM,43 Chesapeake Road,,Manalapan,NJ,07726-3507,United States,,CUSTOMER,Saverio Binetti,1918
1932,Wisam Toma,1505 Burwell Lane,,El Cajon,CA,92019-3782,United States,,CUSTOMER,Wisam Toma,1932
1933,United Courier Services,670 Halekauwila Street,Suite A,Honolulu,HI,96813-5120,United States,,CUSTOMER,Mark Paulino,1933
1934,"Golden State ATM, Inc.",1681 Jamacha Way,,El Cajon,CA,92019-4124,USA,,CUSTOMER,Arkan Shalla,1934
1935,Cash Solutions,23814 Los Codona Ave.,,Torrance,CA,90505-5889,United States,,CUSTOMER,,1935
1941,Big Red Restaurant,26186 Hwy 82,,Park Hill,OK,74451-4038,USA,,CUSTOMER,Patty Watts,1941
1950,Big 7 Liquor,10217 W. Venice Blvd.,,Los Angeles,CA,90034-5902,USA,,CUSTOMER,Rich Walla,1950
1951,Luca Brasi's Italian Deli,100 Park Avenue,,Hoboken,NJ,07030-8010,United States,,CUSTOMER,Loannis Kostopoulos,1951
1952,Sterling Money Services,7703 North Lamar Boulevard,,Austin,TX,78752-1027,USA,,CUSTOMER,TJ Ramos,1952
1954,Andrew Richard Walla,1636 W. 184th Street,,Gardena,CA,90248-3840,USA,,CUSTOMER,Andr. R. Walla,1954
1955,Buffalo Chips,2415 Sacada Cr.,,Carlsbad,CA,92009-8031,United States,,CUSTOMER,Tom Goettle,1955
1956,Hair Architects,6865 La Tijera Blvd,,"Los Angeles,",CA,90045-1904,United States,,CUSTOMER,Richard Walla,1956
1957,Raymond Cote Enterprises,1854 Gaybar Ave.,,La Puente,CA,91744-1413,United States,,CUSTOMER,Raymond Cote,1957
1960,KLM Vending,145 Elm St,,Braintree,MA,02184-3240,USA,,CUSTOMER,Eric Wirtz,1960
1961,"Merrimak ATM Group, LLC","5420 State Farm Drive, Suite B",,Rohnert Park,CA,94928-1657,USA,,CUSTOMER,Glenn Olson,1961
1970,Technovation Data Inc.,4725 Dorsey Hall Drive,#A409,Ellicott City,MD,21042-7713,United States,,CUSTOMER,Joseph Lee,1970
1981,Global Pacific ATM,P.O. Box 8264,,Missoula,MT,59807-8264,United States,,CUSTOMER,Scott MacIntyre,1981
1982,Skaha ATM,2487 S. Gilbert Road,Suite 106-114,Gilbert,AZ,85295-2803,USA,,CUSTOMER,Coby Boyce,1982
2010,Smith Hamilton LLC,10534 Sentinel Street,,San Antonio,TX,78217-3822,USA,,CUSTOMER,Tamara Upton,2010
2012,"Lightwave Industries, Inc.","5420 State Farm Drive, Suite B",,Rohnert Park,CA,94928-1657,USA,,CUSTOMER,Glenn Olson,2012
2013,Crystal ATM Solutions,1336 Mandalay Court SW,,Lilburn,GA,30047-8930,USA,,CUSTOMER,Sam Nassar,2013
2020,Swipe Smart Card Corp.,3442 28th Street,1F,Astoria,NY,11106-3517,United States,,CUSTOMER,Youseff Mubarez,2020
2022,SwypCo LLC,P.O. Box 540,,Bellville,TX,77418-0540,USA,,CUSTOMER,Tim Baxter,2022
2025,ATM Connection,509 S. Chicksaw #306,,Orlando,FL,32825-7801,USA,,CUSTOMER,Keith Dunne,2025
2027,Rosebud Cotton Co.,PO Box 597,,Rosebud,TX,76570-0597,United States,,CUSTOMER,Mary Mitchell,2027
2030,Blue Star ATM,PO Box 1814,,Birmingham,MI,48012-1814,United States,,CUSTOMER,Roger Moore,2030
2031,Fiserv Cash and Logistics,75 Remittance Drive,Suite 6159,Chicago,IL,60675-6159,United States,,CUSTOMER,Remitstream,2031
2031,Fiserv Cash and Logistics,2025 W Beltline Rd,Ste 114,Carrolton,Texas,75006,United States,,CUSTOMER,Janis Remis,2031
2031,Fiserv Cash and Logistics,1100 Hooksett Rd,Suite 102,Hooksett,NH,03106,United States,,CUSTOMER,Tom Stefanik,2031
2031,Fiserv Cash and Logistics,"44 Wall St, Ste 400",,New York,NY,10005-2400,United States,,CUSTOMER,Receiving,2031
2031,Fiserv Cash and Logistics,9700 Collins Ave,Suite 200,Bal Harbour,FL,33154,United States,,CUSTOMER,Daniel Grgornic,2031
2040,ATM Solutions (NY),5146 Stickney Road,,Oneida,NY,13421-3534,United States,,CUSTOMER,Michelle Kistner,2040
2050,Jo-Ann Partnership,15 Heather Drive,,Marlton,NJ,08053-1941,USA,,CUSTOMER,Ann Nimberg,2050
2070,GK ATM Services,1611 Shadow Ridge,,Columbia,IL,62236-0000,USA,,CUSTOMER,John Galle,2070
2081,Green Connect Inc.,123 Foxtrap Driive,,LGlen Burnie,MD,21061-0000,United States,,CUSTOMER,Mike Park,2081
2082,Sharenet ATM,214 Solar Street,,Syracuse,NY,13204-1426,United States,,CUSTOMER,Kathleen Davis,2082
2083,Pioneer ATM Services,5610 Bannister Lane,,Smithton,IL,62285-2954,USA,,CUSTOMER,John Galle,2083
2090,"CSA Service Solutions, LLC",100 Bunker Drive,,Winchester,TN,37398-2580,United States,,CUSTOMER,"CSA Service Solutions, LLC",2090
2092,Equilon Enterprises LLC,3485 Pacheco Blvd.,,Martinez,CA,94553-2120,United States,,CUSTOMER,Kerri Anderson,2092
2100,"MBE FINANCIAL SERVICES, INC",350 Burchett St #220,,Glendale,CA,91203-1371,United States,,CUSTOMER,Mike Boyadzhyan,2100
2110,Konan Athacou,228 Sommer Ville,PL#3,Yonkers,NY,10703-2211,USA,,CUSTOMER,Konan Athacou,2110
2120,Oakland ATM,4357 Highland Road,,Waterford,MI,48328-2140,United States,,CUSTOMER,Chuck Palaian,2120
2121,Cash Dispensers LLC,6 Flintlock Drive,,Barnegat,NJ,08005-1865,USA,,CUSTOMER,Janel Crosby,2121
2122,"Cashworx, LLC",5757 Wilshire Boulevard,Suite 315,Los Angeles,CA,90036-3683,United States,,CUSTOMER,Olivia Beak,2122
2130,American Prepaid Inc.,4216 S. Mooney Blvd. #354,,Visalia,CA,93277-9143,United States,,CUSTOMER,"American Prepaid, Inc.",2130
2140,SC Express Cash,7364 Westerly Way,,Corona,CA,92880-9089,United States,,CUSTOMER,,2140
2150,M3S Inc.,4831 Balmoral,,Chicago,IL,60630-1508,USA,,CUSTOMER,M.R. Anderson,2150
2152,Texas Medical Screening,118 Camino Santa Maria,,San Antonio,TX,78228-4933,USA,,CUSTOMER,Brad Bowen,2152
2155,The Kent Companies,PO Box 908001,,Midland,TX,79708-0001,United States,,CUSTOMER,,2155
2160,"Customer Service Associates, LLC StayHealthy",100 Wilton Circle,,Wincester,TN,37398-2580,USA,,CUSTOMER,,2160
2161,Skynet Payment Solutions,3148 San Pablo Avenue,,Oakland,CA,94608-4534,United States,,CUSTOMER,Yasser Alwasim,2161
2170,BHS Inc. - Health Monitoring Services,1507 Hwy 45 North,,Columbus,MS,39705-2113,USA,,CUSTOMER,,2170
2171,MTI Communications,9517 Desert Ridge Dr.,,El Paso,TX,79925-6704,USA,,CUSTOMER,Al-Tahan,2171
2180,Todd Lansdell,6265 Morrow Russburg Rd.,,Morrow,OH,45152-9429,United States,,CUSTOMER,,2180
2181,Future Funds ATM,4680 Bayside Rd,,Maple Plain,MN,55359-4600,United States,,CUSTOMER,,2181
2183,Green Tree ATM Solutions,13130 BLANCO RD,APT 1101,San Antonio,TX,78216-2172,United States,,CUSTOMER,,2183
2184,KJL ATM LLC,1702 Wellington Ln,,Goshen,KY,40026-8431,United States,,CUSTOMER,,2184
2192,Asset  Access LLC,1225 Frontage Rd,,Wilmette,IL,60091-1067,United States,,CUSTOMER,,2192
2193,CG Cash Company,1515 Birnanwood Trail,,Ballwin,MO,63021-7163,United States,,CUSTOMER,,2193
2195,Peach State Vending,Box 2818032,,Sioux Falls,SD,57186,United States,,CUSTOMER,Reese Freyer,2195
2197,FCTI Canada,11766 Wilshire Doulevard,Suite 1100,Los Angeles,CA,90025-6561,United States,,CUSTOMER,,2197
2198,Blue Sky Bakery,404 Rogers Ave,,Brooklyn,NY,11225,United States,,CUSTOMER,Erik Goetze,2198
2199,"Oslo Coffee Roasters, Inc",133B Roebling Street,,Brooklyn,NY,11211-3240,United States,,CUSTOMER,Kathy Uggen-Merget,2199
2200,ACME ATM And Games,1606 Chestnut St,Suite B,Mishawaka,IN,46545-6474,United States,,CUSTOMER,,2200
2201,Dance Town Bingo,7214 Airline Sr,,Houston,TX,77076-2436,United States,,CUSTOMER,Joel Stolarski,2201
2202,"ATM Express, LLC",686 Forest Road,,Northford,CT,06472-1472,United States,,CUSTOMER,,2202
2203,"RLR Technologies, LLC",63 Thunderhead Place,,Mahwah,NJ,07430-1328,United States,,CUSTOMER,Ron Roberto,2203
2210,Superior Press,9440 Norwalk Blvd,,Santa Fe Springs,CA,90670-2928,United States,,CUSTOMER,Karina Casas,2210
2211,Three Brothers from Italy Pizza Inc,P.O Box 18798,,Panama City Beach,FL,32417-8798,USA,,CUSTOMER,Charles Lopenec Jr,2211
2220,"Paramount ATM Services, Inc",8200 Stockdale Hwy,Ste M10-315,Bakersfield,CA,93311-1091,USA,,CUSTOMER,Rj Farraj,2220
2221,Ware Shoals School District 51,56 S. Greenwood Ave.,,Ware Shoals,SC,29692-1541,,,CUSTOMER,Ty Grogan,2221
2230,"The Fletcher Restaurant, LLC",1802 North Ankeny Blvd,,Ankeny,IA,50023-1800,United States,,CUSTOMER,Sally LaClair,2230
2231,Retail Data Systems- Des Moines,2701 SE Convenience Blvd,,Ankeny,IA,50021-6132,United States,,CUSTOMER,Sally LaClair,2231
2240,RNP Direct,190 Little RD,,Martin,TN,38237-5443,United States,,CUSTOMER,Ronnie Wells,2240
2241,Velocity ATM Solutions,470 Washington Street,Suite 21,Norwood,MA,02062-2343,,,CUSTOMER,Dean Caso,2241
2248,Retail Data Systems Northeast,116 Marshall Drive,,Warrendale,PA,15086-7554,,,CUSTOMER,Steve Merzlak,
2250,Retail Data Systems - Kentucky,1023 Landis Lane,Unit A,Mt. Washington,KY,40047-6088,United States,,CUSTOMER,Bryan Buckner,2250
2251,Retail Data Systems - Tampa,2810 Scherer Dr.,Ste. 120,St. Petersburg,FL,33716-1018,United States,,CUSTOMER,Larry Frazer,2251
2260,Cleveland ATM,37100 State Route 303,,Grafton,OH,44044-9017,,,CUSTOMER,Scott Oslie,2260
2261,Mercado 6 MarketPlace,23114 San Nicholas Place,,Katy,TX,77494-2506,United States,,CUSTOMER,William Lai,2261
2270,"VMI Communications, Inc",318 ST ANDREWS RD,,WALDEN,NY,12586-2720,United States,,CUSTOMER,Michael Imbasciani,2270
2272,Hunter Wood ATM,PO Box 1422,,League City,TX,77574-1422,,,CUSTOMER,Nicholas Broussard,2272
2272,Hunter Wood ATM,1340 Algoa Rd,,Alvin,TX,77511-1202,United States,,CUSTOMER,Nicholas Broussard,2272
2273,Retail Data Systems - St Louis,16 Sunnen Dr,Suite 162,Maplewood,MO,63143,United States,,CUSTOMER,Jeff Potter,2273
2280,"Blood Pressure, Inc",91-1021 Aeoia Street,Apt. F,Ewa Beach,HI,96706-3975,United States,,CUSTOMER,Tai Over,2280
2282,Hamster ATM Inc.,12105 Tresemer Road,,Roscoe,IL,61073,United States,,CUSTOMER,Mike Hammer,2282
2283,"Publicom, Inc",P.O. Box 4546,,Roanoke,VA,24015-0546,United States,,CUSTOMER,Sheila Hall,2283
2284,Frank DeSanna,835 Whittier Avenue,,New Hyde Park,NY,11040-3801,United States,,CUSTOMER,Frank DeSanna,2284
2285,Fishing for Money LLC,315 27th Ave,,Seattle,WA,98122-6129,United States,,CUSTOMER,Sara Wong,2285
2287,Kim Kotthoff,PO Box 92,,Fort Benton,MT,59442-0092,United States,,CUSTOMER,Kim Kotthoff,2287
2288,"Mast ATM Company, LLC",727 Spring Lake Dr.,,Quincy,IL,62305-6028,United States,,CUSTOMER,Robert Mast,2288
2289,James the ATM guy,8808 Mines Ave,,Pico Rivera,CA,90660,United States,,CUSTOMER,James Mitrof,2289
2300,Ronnie Sandoval,6513 Holmes Avenue,,Los Angeles,CA,90001-2127,United States,,CUSTOMER,Ronnie Sandoval,2300
2301,Retail Data Systems - Omaha,6515 S 118th St,# 200,Omaha,NE,68137-3588,United States,,CUSTOMER,Renee Shannon,2301
2302,DLBB NY CORP,20 Garth Rd,# 3,Scarsdale,NY,10583-3756,United States,,CUSTOMER,Donald Kim,2302
2303,Retail Data Systems - Sioux Falls,817 Russell St #101,,Sioux Falls,SD,57104-1372,United States,,CUSTOMER,Sue Sprang,2303
2304,Retail Data Systems - KC,11505 W 79th St,,Lenexa,KS,66214-1410,United States,,CUSTOMER,Joy Brandon,2304
2311,Andy Taylor,6810 B Oakridge Ave,,Lubbock,TX,79424-0648,United States,,CUSTOMER,Andy Taylor,2311
2312,Caveo Inc. DBA Compass Security Solutions,PO Box 630,,Conyers,GA,30012-0630,United States,,CUSTOMER,Thomas Frey,2312
2313,Cash Monkey Inc,928 E 222nd ST,,Bronx,NY,10469-1018,United States,,CUSTOMER,Riyad Gafur,2313
2320,ATM Capital Management,958 Troon Trail,,Frankfort,IL,60423-9710,United States,,CUSTOMER,Tony Bonomo,2320
2321,ARCA,1151 Holmes Rd,,Mebane,NC,27302,United States,,CUSTOMER,Holmes - Mebane Main,2321
2322,Retail Data Systems - Colorado,4845 Oakland Street,,Denver,CO,80239-2721,United States,,CUSTOMER,Ginger Johnson,2322
2322,Retail Data Systems - Colorado,412 W Haycraft Ave,,Coeur d'Alene,ID,83815,United States,,CUSTOMER,Steven Eller,2322
2323,Money Man ATMs,10244 Bunting,,Fountain Valley,CA,92708-6866,United States,,CUSTOMER,Iam Silva,2323
2324,Lakshmi ATM LLC,45 Camino Botanica,,Santa Fe,NM,87507-5202,United States,,CUSTOMER,Ralph Grosswald,2324
2325,"Bibbeo, Ltd",24340 E. Glasgow Dr.,,Aurora,CO,80016-1343,United States,,CUSTOMER,Miles Power,2325
2325,"Bibbeo, Ltd",12524 114th Ave Ct NW,,Gig Harbor,WA,Gig Harbor,United States,,CUSTOMER,Les Colvill,2325
2327,S&W ENTERPRISES,1601 AUBREY AVE,,New Cambria,KS,67470,United States,,CUSTOMER,William Merkle,2327
2328,"The ATM Guy, Inc",2140 Oliver Ave,,San Diego,CA,92109-5549,United States,,CUSTOMER,Scott Becker,2328
2329,Retail Data Systems of Iowa,101 W. 76th Street,,Davenport,IA,52806-1340,,,CUSTOMER,Mindy Graham,2329
2330,Scott Salo,4145 E Lake Street,,Butte,MO,59701-4363,United States,,CUSTOMER,Scott Salo,2330
2332,"BPH Enterainment, LLC",PO Box 761,,Keystone Heights,FL,32656-0761,United States,,CUSTOMER,Nicholas  Nagle,2332
2340,"Armor Safe Technologies, LLC",5916 Stone Creek Drive,Suite 100,The Colony,TX,75056-2646,United States,,CUSTOMER,Geoff Tidman,2340
2342,"EthioATM, LLC",3952 CLAYHILL,,CLARKSTON,GA,30021-2890,United States,,CUSTOMER,Aehmed N Gebriel,2342
2343,Retail Data Systems - Davenport,101 W 76th St,,Davenport,IA,52806-1340,United States,,CUSTOMER,Justin Trujillo,2343
2344,Continental Enterprises,11232 SW 114 Lane Circle,,Miami,FL,33176-3890,United States,,CUSTOMER,Marvin Ribero,2344
2345,Free ATM Direct,40 Sycamore Ln,,Roslyn Heights,NY,11577,,,CUSTOMER,Daniel Azizian,2345
2347,Money Solutions Group,4235 Hillsboro PK,Suite 300,Nashville,TN,37215-3344,United States,,CUSTOMER,Money Solutions Group,2347
2349,Walker ATMs,4551 Flynn Drive,,North Charleston,SC,29405-6727,United States,,CUSTOMER,Larry Walker,2349
2350,Gerard Kieran,2904 Cane Slash Rd,,Johns Island,SC,29455-8256,United States,,CUSTOMER,Gerard Kieran,2350
2352,Carolina Coin Amusement LLC,2118 COSGROVE AVE,,North Charleston,SC,29405-5704,United States,,CUSTOMER,Ron Davis,2352
2353,Amanda Reuber's ATM's,276 Hundred Oaks Parkway,,Summerville,South Carolina,29483,United States,,CUSTOMER,Garrett Reuber,2353
2360,Sebastian’s Hair-em and Day Spa,872 Rte 36,,Leonardo,NJ,07737,,,CUSTOMER,Sheri Gatanas,2360
2361,Jett Financial,301 S. Cypress St.,,Hammond,LA,70403,,,CUSTOMER,"Salvador P. Tantillo, III",2361
2362,"All County ATM, LLC",PO BOX 161,,Tuckahoe,NY,10707-0161,United States,,CUSTOMER,Craig McDonald,2362
